twin_id,product_id,return_id,current_state,wear_and_tear_score
TWIN-PROD-0978-RTN-0001,PROD-0978,RTN-0001,INSPECTED,4
TWIN-PROD-0919-RTN-0002,PROD-0919,RTN-0002,INSPECTED,2
TWIN-PROD-0954-RTN-0003,PROD-0954,RTN-0003,INSPECTED,0
TWIN-PROD-0408-RTN-0004,PROD-0408,RTN-0004,INSPECTED,0
TWIN-PROD-0742-RTN-0005,PROD-0742,RTN-0005,INSPECTED,0
TWIN-PROD-0514-RTN-0006,PROD-0514,RTN-0006,INSPECTED,5
TWIN-PROD-0835-RTN-0007,PROD-0835,RTN-0007,INSPECTED,0
TWIN-PROD-0626-RTN-0008,PROD-0626,RTN-0008,INSPECTED,0
TWIN-PROD-0419-RTN-0009,PROD-0419,RTN-0009,INSPECTED,0
TWIN-PROD-0997-RTN-0010,PROD-0997,RTN-0010,INSPECTED,0
TWIN-PROD-0963-RTN-0011,PROD-0963,RTN-0011,INSPECTED,0
TWIN-PROD-0264-RTN-0012,PROD-0264,RTN-0012,INSPECTED,0
TWIN-PROD-0812-RTN-0013,PROD-0812,RTN-0013,INSPECTED,0
TWIN-PROD-0789-RTN-0014,PROD-0789,RTN-0014,INSPECTED,0
TWIN-PROD-0615-RTN-0015,PROD-0615,RTN-0015,INSPECTED,0
TWIN-PROD-0727-RTN-0016,PROD-0727,RTN-0016,INSPECTED,0
TWIN-PROD-0265-RTN-0017,PROD-0265,RTN-0017,INSPECTED,0
TWIN-PROD-0057-RTN-0018,PROD-0057,RTN-0018,INSPECTED,8
TWIN-PROD-0621-RTN-0019,PROD-0621,RTN-0019,INSPECTED,0
TWIN-PROD-0447-RTN-0020,PROD-0447,RTN-0020,INSPECTED,1
TWIN-PROD-0587-RTN-0021,PROD-0587,RTN-0021,INSPECTED,0
TWIN-PROD-0081-RTN-0022,PROD-0081,RTN-0022,INSPECTED,0
TWIN-PROD-0763-RTN-0023,PROD-0763,RTN-0023,INSPECTED,0
TWIN-PROD-0856-RTN-0024,PROD-0856,RTN-0024,INSPECTED,7
TWIN-PROD-0515-RTN-0025,PROD-0515,RTN-0025,INSPECTED,0
TWIN-PROD-0767-RTN-0026,PROD-0767,RTN-0026,INSPECTED,5
TWIN-PROD-0421-RTN-0027,PROD-0421,RTN-0027,INSPECTED,0
TWIN-PROD-0803-RTN-0028,PROD-0803,RTN-0028,INSPECTED,0
TWIN-PROD-0500-RTN-0029,PROD-0500,RTN-0029,INSPECTED,0
TWIN-PROD-0680-RTN-0030,PROD-0680,RTN-0030,INSPECTED,0
TWIN-PROD-0057-RTN-0031,PROD-0057,RTN-0031,INSPECTED,4
TWIN-PROD-0227-RTN-0032,PROD-0227,RTN-0032,INSPECTED,10
TWIN-PROD-0736-RTN-0033,PROD-0736,RTN-0033,INSPECTED,0
TWIN-PROD-0145-RTN-0034,PROD-0145,RTN-0034,INSPECTED,0
TWIN-PROD-0813-RTN-0035,PROD-0813,RTN-0035,INSPECTED,0
TWIN-PROD-0608-RTN-0036,PROD-0608,RTN-0036,INSPECTED,0
TWIN-PROD-0852-RTN-0037,PROD-0852,RTN-0037,INSPECTED,8
TWIN-PROD-0862-RTN-0038,PROD-0862,RTN-0038,INSPECTED,0
TWIN-PROD-0371-RTN-0039,PROD-0371,RTN-0039,INSPECTED,0
TWIN-PROD-0670-RTN-0040,PROD-0670,RTN-0040,INSPECTED,3
TWIN-PROD-0342-RTN-0041,PROD-0342,RTN-0041,INSPECTED,0
TWIN-PROD-0794-RTN-0042,PROD-0794,RTN-0042,INSPECTED,0
TWIN-PROD-0614-RTN-0043,PROD-0614,RTN-0043,INSPECTED,0
TWIN-PROD-0160-RTN-0044,PROD-0160,RTN-0044,INSPECTED,0
TWIN-PROD-0114-RTN-0045,PROD-0114,RTN-0045,INSPECTED,8
TWIN-PROD-0997-RTN-0046,PROD-0997,RTN-0046,INSPECTED,0
TWIN-PROD-0804-RTN-0047,PROD-0804,RTN-0047,INSPECTED,3
TWIN-PROD-0965-RTN-0048,PROD-0965,RTN-0048,INSPECTED,0
TWIN-PROD-0360-RTN-0049,PROD-0360,RTN-0049,INSPECTED,3
TWIN-PROD-0711-RTN-0050,PROD-0711,RTN-0050,INSPECTED,0
TWIN-PROD-0051-RTN-0051,PROD-0051,RTN-0051,INSPECTED,8
TWIN-PROD-0576-RTN-0052,PROD-0576,RTN-0052,INSPECTED,0
TWIN-PROD-0079-RTN-0053,PROD-0079,RTN-0053,INSPECTED,0
TWIN-PROD-0964-RTN-0054,PROD-0964,RTN-0054,INSPECTED,4
TWIN-PROD-0003-RTN-0055,PROD-0003,RTN-0055,INSPECTED,0
TWIN-PROD-0207-RTN-0056,PROD-0207,RTN-0056,INSPECTED,0
TWIN-PROD-0955-RTN-0057,PROD-0955,RTN-0057,INSPECTED,0
TWIN-PROD-0249-RTN-0058,PROD-0249,RTN-0058,INSPECTED,0
TWIN-PROD-0670-RTN-0059,PROD-0670,RTN-0059,INSPECTED,0
TWIN-PROD-0771-RTN-0060,PROD-0771,RTN-0060,INSPECTED,0
TWIN-PROD-0879-RTN-0061,PROD-0879,RTN-0061,INSPECTED,3
TWIN-PROD-0355-RTN-0062,PROD-0355,RTN-0062,INSPECTED,0
TWIN-PROD-0817-RTN-0063,PROD-0817,RTN-0063,INSPECTED,0
TWIN-PROD-0966-RTN-0064,PROD-0966,RTN-0064,INSPECTED,2
TWIN-PROD-0837-RTN-0065,PROD-0837,RTN-0065,INSPECTED,3
TWIN-PROD-0103-RTN-0066,PROD-0103,RTN-0066,INSPECTED,0
TWIN-PROD-0558-RTN-0067,PROD-0558,RTN-0067,INSPECTED,0
TWIN-PROD-0351-RTN-0068,PROD-0351,RTN-0068,INSPECTED,0
TWIN-PROD-0617-RTN-0069,PROD-0617,RTN-0069,INSPECTED,9
TWIN-PROD-0107-RTN-0070,PROD-0107,RTN-0070,INSPECTED,0
TWIN-PROD-0705-RTN-0071,PROD-0705,RTN-0071,INSPECTED,0
TWIN-PROD-0969-RTN-0072,PROD-0969,RTN-0072,INSPECTED,1
TWIN-PROD-0065-RTN-0073,PROD-0065,RTN-0073,INSPECTED,0
TWIN-PROD-0604-RTN-0074,PROD-0604,RTN-0074,INSPECTED,0
TWIN-PROD-0529-RTN-0075,PROD-0529,RTN-0075,INSPECTED,3
TWIN-PROD-0595-RTN-0076,PROD-0595,RTN-0076,INSPECTED,0
TWIN-PROD-0386-RTN-0077,PROD-0386,RTN-0077,INSPECTED,0
TWIN-PROD-0320-RTN-0078,PROD-0320,RTN-0078,INSPECTED,0
TWIN-PROD-0825-RTN-0079,PROD-0825,RTN-0079,INSPECTED,5
TWIN-PROD-0155-RTN-0080,PROD-0155,RTN-0080,INSPECTED,0
TWIN-PROD-0670-RTN-0081,PROD-0670,RTN-0081,INSPECTED,5
TWIN-PROD-0583-RTN-0082,PROD-0583,RTN-0082,INSPECTED,0
TWIN-PROD-0702-RTN-0083,PROD-0702,RTN-0083,INSPECTED,7
TWIN-PROD-0062-RTN-0084,PROD-0062,RTN-0084,INSPECTED,0
TWIN-PROD-0246-RTN-0085,PROD-0246,RTN-0085,INSPECTED,0
TWIN-PROD-0589-RTN-0086,PROD-0589,RTN-0086,INSPECTED,0
TWIN-PROD-0799-RTN-0087,PROD-0799,RTN-0087,INSPECTED,0
TWIN-PROD-0091-RTN-0088,PROD-0091,RTN-0088,INSPECTED,0
TWIN-PROD-0813-RTN-0089,PROD-0813,RTN-0089,INSPECTED,0
TWIN-PROD-0438-RTN-0090,PROD-0438,RTN-0090,INSPECTED,0
TWIN-PROD-0648-RTN-0091,PROD-0648,RTN-0091,INSPECTED,0
TWIN-PROD-0627-RTN-0092,PROD-0627,RTN-0092,INSPECTED,5
TWIN-PROD-0402-RTN-0093,PROD-0402,RTN-0093,INSPECTED,0
TWIN-PROD-0155-RTN-0094,PROD-0155,RTN-0094,INSPECTED,0
TWIN-PROD-0493-RTN-0095,PROD-0493,RTN-0095,INSPECTED,5
TWIN-PROD-0097-RTN-0096,PROD-0097,RTN-0096,INSPECTED,8
TWIN-PROD-0286-RTN-0097,PROD-0286,RTN-0097,INSPECTED,1
TWIN-PROD-0507-RTN-0098,PROD-0507,RTN-0098,INSPECTED,0
TWIN-PROD-0747-RTN-0099,PROD-0747,RTN-0099,INSPECTED,0
TWIN-PROD-0559-RTN-0100,PROD-0559,RTN-0100,INSPECTED,0
TWIN-PROD-0622-RTN-0101,PROD-0622,RTN-0101,INSPECTED,0
TWIN-PROD-0894-RTN-0102,PROD-0894,RTN-0102,INSPECTED,0
TWIN-PROD-0846-RTN-0103,PROD-0846,RTN-0103,INSPECTED,6
TWIN-PROD-0679-RTN-0104,PROD-0679,RTN-0104,INSPECTED,0
TWIN-PROD-0564-RTN-0105,PROD-0564,RTN-0105,INSPECTED,0
TWIN-PROD-0657-RTN-0106,PROD-0657,RTN-0106,INSPECTED,1
TWIN-PROD-0278-RTN-0107,PROD-0278,RTN-0107,INSPECTED,0
TWIN-PROD-0283-RTN-0108,PROD-0283,RTN-0108,INSPECTED,4
TWIN-PROD-0917-RTN-0109,PROD-0917,RTN-0109,INSPECTED,0
TWIN-PROD-0678-RTN-0110,PROD-0678,RTN-0110,INSPECTED,0
TWIN-PROD-0762-RTN-0111,PROD-0762,RTN-0111,INSPECTED,1
TWIN-PROD-0371-RTN-0112,PROD-0371,RTN-0112,INSPECTED,10
TWIN-PROD-0709-RTN-0113,PROD-0709,RTN-0113,INSPECTED,0
TWIN-PROD-0020-RTN-0114,PROD-0020,RTN-0114,INSPECTED,8
TWIN-PROD-0048-RTN-0115,PROD-0048,RTN-0115,INSPECTED,9
TWIN-PROD-0543-RTN-0116,PROD-0543,RTN-0116,INSPECTED,0
TWIN-PROD-0143-RTN-0117,PROD-0143,RTN-0117,INSPECTED,0
TWIN-PROD-0964-RTN-0118,PROD-0964,RTN-0118,INSPECTED,0
TWIN-PROD-0907-RTN-0119,PROD-0907,RTN-0119,INSPECTED,0
TWIN-PROD-0822-RTN-0120,PROD-0822,RTN-0120,INSPECTED,3
TWIN-PROD-0803-RTN-0121,PROD-0803,RTN-0121,INSPECTED,0
TWIN-PROD-0697-RTN-0122,PROD-0697,RTN-0122,INSPECTED,0
TWIN-PROD-0804-RTN-0123,PROD-0804,RTN-0123,INSPECTED,9
TWIN-PROD-0546-RTN-0124,PROD-0546,RTN-0124,INSPECTED,0
TWIN-PROD-0871-RTN-0125,PROD-0871,RTN-0125,INSPECTED,0
TWIN-PROD-0930-RTN-0126,PROD-0930,RTN-0126,INSPECTED,0
TWIN-PROD-0686-RTN-0127,PROD-0686,RTN-0127,INSPECTED,4
TWIN-PROD-0503-RTN-0128,PROD-0503,RTN-0128,INSPECTED,8
TWIN-PROD-0801-RTN-0129,PROD-0801,RTN-0129,INSPECTED,0
TWIN-PROD-0616-RTN-0130,PROD-0616,RTN-0130,INSPECTED,0
TWIN-PROD-0600-RTN-0131,PROD-0600,RTN-0131,INSPECTED,3
TWIN-PROD-0907-RTN-0132,PROD-0907,RTN-0132,INSPECTED,0
TWIN-PROD-0860-RTN-0133,PROD-0860,RTN-0133,INSPECTED,4
TWIN-PROD-0471-RTN-0134,PROD-0471,RTN-0134,INSPECTED,9
TWIN-PROD-0798-RTN-0135,PROD-0798,RTN-0135,INSPECTED,0
TWIN-PROD-0072-RTN-0136,PROD-0072,RTN-0136,INSPECTED,0
TWIN-PROD-0371-RTN-0137,PROD-0371,RTN-0137,INSPECTED,0
TWIN-PROD-0688-RTN-0138,PROD-0688,RTN-0138,INSPECTED,2
TWIN-PROD-0436-RTN-0139,PROD-0436,RTN-0139,INSPECTED,5
TWIN-PROD-0164-RTN-0140,PROD-0164,RTN-0140,INSPECTED,0
TWIN-PROD-0839-RTN-0141,PROD-0839,RTN-0141,INSPECTED,0
TWIN-PROD-0034-RTN-0142,PROD-0034,RTN-0142,INSPECTED,0
TWIN-PROD-0323-RTN-0143,PROD-0323,RTN-0143,INSPECTED,2
TWIN-PROD-0388-RTN-0144,PROD-0388,RTN-0144,INSPECTED,1
TWIN-PROD-0669-RTN-0145,PROD-0669,RTN-0145,INSPECTED,0
TWIN-PROD-0782-RTN-0146,PROD-0782,RTN-0146,INSPECTED,10
TWIN-PROD-0356-RTN-0147,PROD-0356,RTN-0147,INSPECTED,0
TWIN-PROD-0849-RTN-0148,PROD-0849,RTN-0148,INSPECTED,5
TWIN-PROD-0741-RTN-0149,PROD-0741,RTN-0149,INSPECTED,4
TWIN-PROD-0791-RTN-0150,PROD-0791,RTN-0150,INSPECTED,0
TWIN-PROD-0477-RTN-0151,PROD-0477,RTN-0151,INSPECTED,0
TWIN-PROD-0231-RTN-0152,PROD-0231,RTN-0152,INSPECTED,0
TWIN-PROD-0457-RTN-0153,PROD-0457,RTN-0153,INSPECTED,0
TWIN-PROD-0425-RTN-0154,PROD-0425,RTN-0154,INSPECTED,2
TWIN-PROD-0189-RTN-0155,PROD-0189,RTN-0155,INSPECTED,0
TWIN-PROD-0176-RTN-0156,PROD-0176,RTN-0156,INSPECTED,0
TWIN-PROD-0750-RTN-0157,PROD-0750,RTN-0157,INSPECTED,7
TWIN-PROD-0054-RTN-0158,PROD-0054,RTN-0158,INSPECTED,0
TWIN-PROD-0781-RTN-0159,PROD-0781,RTN-0159,INSPECTED,0
TWIN-PROD-0381-RTN-0160,PROD-0381,RTN-0160,INSPECTED,0
TWIN-PROD-0755-RTN-0161,PROD-0755,RTN-0161,INSPECTED,2
TWIN-PROD-0931-RTN-0162,PROD-0931,RTN-0162,INSPECTED,0
TWIN-PROD-0139-RTN-0163,PROD-0139,RTN-0163,INSPECTED,4
TWIN-PROD-0396-RTN-0164,PROD-0396,RTN-0164,INSPECTED,0
TWIN-PROD-0943-RTN-0165,PROD-0943,RTN-0165,INSPECTED,5
TWIN-PROD-0138-RTN-0166,PROD-0138,RTN-0166,INSPECTED,0
TWIN-PROD-0528-RTN-0167,PROD-0528,RTN-0167,INSPECTED,0
TWIN-PROD-0593-RTN-0168,PROD-0593,RTN-0168,INSPECTED,0
TWIN-PROD-0012-RTN-0169,PROD-0012,RTN-0169,INSPECTED,2
TWIN-PROD-0163-RTN-0170,PROD-0163,RTN-0170,INSPECTED,0
TWIN-PROD-0316-RTN-0171,PROD-0316,RTN-0171,INSPECTED,0
TWIN-PROD-0575-RTN-0172,PROD-0575,RTN-0172,INSPECTED,0
TWIN-PROD-0655-RTN-0173,PROD-0655,RTN-0173,INSPECTED,0
TWIN-PROD-0278-RTN-0174,PROD-0278,RTN-0174,INSPECTED,0
TWIN-PROD-0435-RTN-0175,PROD-0435,RTN-0175,INSPECTED,0
TWIN-PROD-0514-RTN-0176,PROD-0514,RTN-0176,INSPECTED,3
TWIN-PROD-0939-RTN-0177,PROD-0939,RTN-0177,INSPECTED,3
TWIN-PROD-0721-RTN-0178,PROD-0721,RTN-0178,INSPECTED,1
TWIN-PROD-0295-RTN-0179,PROD-0295,RTN-0179,INSPECTED,0
TWIN-PROD-0264-RTN-0180,PROD-0264,RTN-0180,INSPECTED,6
TWIN-PROD-0175-RTN-0181,PROD-0175,RTN-0181,INSPECTED,0
TWIN-PROD-0936-RTN-0182,PROD-0936,RTN-0182,INSPECTED,0
TWIN-PROD-0739-RTN-0183,PROD-0739,RTN-0183,INSPECTED,0
TWIN-PROD-0728-RTN-0184,PROD-0728,RTN-0184,INSPECTED,6
TWIN-PROD-0409-RTN-0185,PROD-0409,RTN-0185,INSPECTED,0
TWIN-PROD-0625-RTN-0186,PROD-0625,RTN-0186,INSPECTED,9
TWIN-PROD-0748-RTN-0187,PROD-0748,RTN-0187,INSPECTED,0
TWIN-PROD-0158-RTN-0188,PROD-0158,RTN-0188,INSPECTED,1
TWIN-PROD-0337-RTN-0189,PROD-0337,RTN-0189,INSPECTED,7
TWIN-PROD-0880-RTN-0190,PROD-0880,RTN-0190,INSPECTED,0
TWIN-PROD-0669-RTN-0191,PROD-0669,RTN-0191,INSPECTED,0
TWIN-PROD-0771-RTN-0192,PROD-0771,RTN-0192,INSPECTED,0
TWIN-PROD-0012-RTN-0193,PROD-0012,RTN-0193,INSPECTED,0
TWIN-PROD-0235-RTN-0194,PROD-0235,RTN-0194,INSPECTED,0
TWIN-PROD-0414-RTN-0195,PROD-0414,RTN-0195,INSPECTED,0
TWIN-PROD-0721-RTN-0196,PROD-0721,RTN-0196,INSPECTED,9
TWIN-PROD-0600-RTN-0197,PROD-0600,RTN-0197,INSPECTED,1
TWIN-PROD-0680-RTN-0198,PROD-0680,RTN-0198,INSPECTED,0
TWIN-PROD-0009-RTN-0199,PROD-0009,RTN-0199,INSPECTED,0
TWIN-PROD-0616-RTN-0200,PROD-0616,RTN-0200,INSPECTED,6
TWIN-PROD-0942-RTN-0201,PROD-0942,RTN-0201,INSPECTED,0
TWIN-PROD-0559-RTN-0202,PROD-0559,RTN-0202,INSPECTED,10
TWIN-PROD-0239-RTN-0203,PROD-0239,RTN-0203,INSPECTED,5
TWIN-PROD-0684-RTN-0204,PROD-0684,RTN-0204,INSPECTED,0
TWIN-PROD-0573-RTN-0205,PROD-0573,RTN-0205,INSPECTED,0
TWIN-PROD-0721-RTN-0206,PROD-0721,RTN-0206,INSPECTED,3
TWIN-PROD-0900-RTN-0207,PROD-0900,RTN-0207,INSPECTED,0
TWIN-PROD-0869-RTN-0208,PROD-0869,RTN-0208,INSPECTED,0
TWIN-PROD-0118-RTN-0209,PROD-0118,RTN-0209,INSPECTED,3
TWIN-PROD-0991-RTN-0210,PROD-0991,RTN-0210,INSPECTED,7
TWIN-PROD-0173-RTN-0211,PROD-0173,RTN-0211,INSPECTED,4
TWIN-PROD-0650-RTN-0212,PROD-0650,RTN-0212,INSPECTED,0
TWIN-PROD-0718-RTN-0213,PROD-0718,RTN-0213,INSPECTED,0
TWIN-PROD-0608-RTN-0214,PROD-0608,RTN-0214,INSPECTED,0
TWIN-PROD-0401-RTN-0215,PROD-0401,RTN-0215,INSPECTED,5
TWIN-PROD-0353-RTN-0216,PROD-0353,RTN-0216,INSPECTED,6
TWIN-PROD-0173-RTN-0217,PROD-0173,RTN-0217,INSPECTED,8
TWIN-PROD-0493-RTN-0218,PROD-0493,RTN-0218,INSPECTED,0
TWIN-PROD-0330-RTN-0219,PROD-0330,RTN-0219,INSPECTED,0
TWIN-PROD-0396-RTN-0220,PROD-0396,RTN-0220,INSPECTED,0
TWIN-PROD-0818-RTN-0221,PROD-0818,RTN-0221,INSPECTED,0
TWIN-PROD-0124-RTN-0222,PROD-0124,RTN-0222,INSPECTED,6
TWIN-PROD-0012-RTN-0223,PROD-0012,RTN-0223,INSPECTED,0
TWIN-PROD-0546-RTN-0224,PROD-0546,RTN-0224,INSPECTED,0
TWIN-PROD-0984-RTN-0225,PROD-0984,RTN-0225,INSPECTED,0
TWIN-PROD-0741-RTN-0226,PROD-0741,RTN-0226,INSPECTED,8
TWIN-PROD-0763-RTN-0227,PROD-0763,RTN-0227,INSPECTED,0
TWIN-PROD-0624-RTN-0228,PROD-0624,RTN-0228,INSPECTED,9
TWIN-PROD-0338-RTN-0229,PROD-0338,RTN-0229,INSPECTED,6
TWIN-PROD-0346-RTN-0230,PROD-0346,RTN-0230,INSPECTED,2
TWIN-PROD-0984-RTN-0231,PROD-0984,RTN-0231,INSPECTED,0
TWIN-PROD-0105-RTN-0232,PROD-0105,RTN-0232,INSPECTED,0
TWIN-PROD-0316-RTN-0233,PROD-0316,RTN-0233,INSPECTED,10
TWIN-PROD-0991-RTN-0234,PROD-0991,RTN-0234,INSPECTED,2
TWIN-PROD-0728-RTN-0235,PROD-0728,RTN-0235,INSPECTED,0
TWIN-PROD-0446-RTN-0236,PROD-0446,RTN-0236,INSPECTED,0
TWIN-PROD-0442-RTN-0237,PROD-0442,RTN-0237,INSPECTED,4
TWIN-PROD-0532-RTN-0238,PROD-0532,RTN-0238,INSPECTED,8
TWIN-PROD-0006-RTN-0239,PROD-0006,RTN-0239,INSPECTED,0
TWIN-PROD-0165-RTN-0240,PROD-0165,RTN-0240,INSPECTED,0
TWIN-PROD-0863-RTN-0241,PROD-0863,RTN-0241,INSPECTED,8
TWIN-PROD-0210-RTN-0242,PROD-0210,RTN-0242,INSPECTED,0
TWIN-PROD-0956-RTN-0243,PROD-0956,RTN-0243,INSPECTED,0
TWIN-PROD-0412-RTN-0244,PROD-0412,RTN-0244,INSPECTED,0
TWIN-PROD-0189-RTN-0245,PROD-0189,RTN-0245,INSPECTED,0
TWIN-PROD-0685-RTN-0246,PROD-0685,RTN-0246,INSPECTED,0
TWIN-PROD-0487-RTN-0247,PROD-0487,RTN-0247,INSPECTED,0
TWIN-PROD-0263-RTN-0248,PROD-0263,RTN-0248,INSPECTED,0
TWIN-PROD-0555-RTN-0249,PROD-0555,RTN-0249,INSPECTED,0
TWIN-PROD-0504-RTN-0250,PROD-0504,RTN-0250,INSPECTED,6
TWIN-PROD-0806-RTN-0251,PROD-0806,RTN-0251,INSPECTED,4
TWIN-PROD-0620-RTN-0252,PROD-0620,RTN-0252,INSPECTED,1
TWIN-PROD-0932-RTN-0253,PROD-0932,RTN-0253,INSPECTED,0
TWIN-PROD-0932-RTN-0254,PROD-0932,RTN-0254,INSPECTED,0
TWIN-PROD-0711-RTN-0255,PROD-0711,RTN-0255,INSPECTED,5
TWIN-PROD-0505-RTN-0256,PROD-0505,RTN-0256,INSPECTED,0
TWIN-PROD-0950-RTN-0257,PROD-0950,RTN-0257,INSPECTED,0
TWIN-PROD-0037-RTN-0258,PROD-0037,RTN-0258,INSPECTED,5
TWIN-PROD-0740-RTN-0259,PROD-0740,RTN-0259,INSPECTED,9
TWIN-PROD-0600-RTN-0260,PROD-0600,RTN-0260,INSPECTED,3
TWIN-PROD-0377-RTN-0261,PROD-0377,RTN-0261,INSPECTED,3
TWIN-PROD-0297-RTN-0262,PROD-0297,RTN-0262,INSPECTED,0
TWIN-PROD-0274-RTN-0263,PROD-0274,RTN-0263,INSPECTED,8
TWIN-PROD-0648-RTN-0264,PROD-0648,RTN-0264,INSPECTED,0
TWIN-PROD-0282-RTN-0265,PROD-0282,RTN-0265,INSPECTED,5
TWIN-PROD-0379-RTN-0266,PROD-0379,RTN-0266,INSPECTED,2
TWIN-PROD-0788-RTN-0267,PROD-0788,RTN-0267,INSPECTED,0
TWIN-PROD-0393-RTN-0268,PROD-0393,RTN-0268,INSPECTED,0
TWIN-PROD-0763-RTN-0269,PROD-0763,RTN-0269,INSPECTED,0
TWIN-PROD-0760-RTN-0270,PROD-0760,RTN-0270,INSPECTED,5
TWIN-PROD-0571-RTN-0271,PROD-0571,RTN-0271,INSPECTED,9
TWIN-PROD-0221-RTN-0272,PROD-0221,RTN-0272,INSPECTED,7
TWIN-PROD-0911-RTN-0273,PROD-0911,RTN-0273,INSPECTED,0
TWIN-PROD-0769-RTN-0274,PROD-0769,RTN-0274,INSPECTED,0
TWIN-PROD-0301-RTN-0275,PROD-0301,RTN-0275,INSPECTED,0
TWIN-PROD-0569-RTN-0276,PROD-0569,RTN-0276,INSPECTED,0
TWIN-PROD-0729-RTN-0277,PROD-0729,RTN-0277,INSPECTED,0
TWIN-PROD-0625-RTN-0278,PROD-0625,RTN-0278,INSPECTED,7
TWIN-PROD-0443-RTN-0279,PROD-0443,RTN-0279,INSPECTED,0
TWIN-PROD-0680-RTN-0280,PROD-0680,RTN-0280,INSPECTED,0
TWIN-PROD-0165-RTN-0281,PROD-0165,RTN-0281,INSPECTED,0
TWIN-PROD-0048-RTN-0282,PROD-0048,RTN-0282,INSPECTED,1
TWIN-PROD-0138-RTN-0283,PROD-0138,RTN-0283,INSPECTED,5
TWIN-PROD-0218-RTN-0284,PROD-0218,RTN-0284,INSPECTED,0
TWIN-PROD-0949-RTN-0285,PROD-0949,RTN-0285,INSPECTED,0
TWIN-PROD-0233-RTN-0286,PROD-0233,RTN-0286,INSPECTED,0
TWIN-PROD-0899-RTN-0287,PROD-0899,RTN-0287,INSPECTED,0
TWIN-PROD-0954-RTN-0288,PROD-0954,RTN-0288,INSPECTED,0
TWIN-PROD-0128-RTN-0289,PROD-0128,RTN-0289,INSPECTED,0
TWIN-PROD-0422-RTN-0290,PROD-0422,RTN-0290,INSPECTED,2
TWIN-PROD-0463-RTN-0291,PROD-0463,RTN-0291,INSPECTED,0
TWIN-PROD-0403-RTN-0292,PROD-0403,RTN-0292,INSPECTED,0
TWIN-PROD-0114-RTN-0293,PROD-0114,RTN-0293,INSPECTED,0
TWIN-PROD-0417-RTN-0294,PROD-0417,RTN-0294,INSPECTED,0
TWIN-PROD-0190-RTN-0295,PROD-0190,RTN-0295,INSPECTED,0
TWIN-PROD-0539-RTN-0296,PROD-0539,RTN-0296,INSPECTED,0
TWIN-PROD-0612-RTN-0297,PROD-0612,RTN-0297,INSPECTED,0
TWIN-PROD-0450-RTN-0298,PROD-0450,RTN-0298,INSPECTED,0
TWIN-PROD-0180-RTN-0299,PROD-0180,RTN-0299,INSPECTED,0
TWIN-PROD-0602-RTN-0300,PROD-0602,RTN-0300,INSPECTED,3
TWIN-PROD-0728-RTN-0301,PROD-0728,RTN-0301,INSPECTED,8
TWIN-PROD-0516-RTN-0302,PROD-0516,RTN-0302,INSPECTED,0
TWIN-PROD-0606-RTN-0303,PROD-0606,RTN-0303,INSPECTED,0
TWIN-PROD-0268-RTN-0304,PROD-0268,RTN-0304,INSPECTED,0
TWIN-PROD-0806-RTN-0305,PROD-0806,RTN-0305,INSPECTED,4
TWIN-PROD-0051-RTN-0306,PROD-0051,RTN-0306,INSPECTED,6
TWIN-PROD-0657-RTN-0307,PROD-0657,RTN-0307,INSPECTED,2
TWIN-PROD-0176-RTN-0308,PROD-0176,RTN-0308,INSPECTED,7
TWIN-PROD-0284-RTN-0309,PROD-0284,RTN-0309,INSPECTED,1
TWIN-PROD-0361-RTN-0310,PROD-0361,RTN-0310,INSPECTED,0
TWIN-PROD-0567-RTN-0311,PROD-0567,RTN-0311,INSPECTED,10
TWIN-PROD-0817-RTN-0312,PROD-0817,RTN-0312,INSPECTED,9
TWIN-PROD-0346-RTN-0313,PROD-0346,RTN-0313,INSPECTED,10
TWIN-PROD-0230-RTN-0314,PROD-0230,RTN-0314,INSPECTED,0
TWIN-PROD-0705-RTN-0315,PROD-0705,RTN-0315,INSPECTED,0
TWIN-PROD-0902-RTN-0316,PROD-0902,RTN-0316,INSPECTED,0
TWIN-PROD-0260-RTN-0317,PROD-0260,RTN-0317,INSPECTED,0
TWIN-PROD-0825-RTN-0318,PROD-0825,RTN-0318,INSPECTED,5
TWIN-PROD-0002-RTN-0319,PROD-0002,RTN-0319,INSPECTED,0
TWIN-PROD-0299-RTN-0320,PROD-0299,RTN-0320,INSPECTED,0
TWIN-PROD-0067-RTN-0321,PROD-0067,RTN-0321,INSPECTED,0
TWIN-PROD-0567-RTN-0322,PROD-0567,RTN-0322,INSPECTED,0
TWIN-PROD-0665-RTN-0323,PROD-0665,RTN-0323,INSPECTED,0
TWIN-PROD-0490-RTN-0324,PROD-0490,RTN-0324,INSPECTED,0
TWIN-PROD-0169-RTN-0325,PROD-0169,RTN-0325,INSPECTED,0
TWIN-PROD-0927-RTN-0326,PROD-0927,RTN-0326,INSPECTED,0
TWIN-PROD-0145-RTN-0327,PROD-0145,RTN-0327,INSPECTED,6
TWIN-PROD-0097-RTN-0328,PROD-0097,RTN-0328,INSPECTED,2
TWIN-PROD-0589-RTN-0329,PROD-0589,RTN-0329,INSPECTED,0
TWIN-PROD-0487-RTN-0330,PROD-0487,RTN-0330,INSPECTED,8
TWIN-PROD-0130-RTN-0331,PROD-0130,RTN-0331,INSPECTED,7
TWIN-PROD-0856-RTN-0332,PROD-0856,RTN-0332,INSPECTED,0
TWIN-PROD-0333-RTN-0333,PROD-0333,RTN-0333,INSPECTED,3
TWIN-PROD-0097-RTN-0334,PROD-0097,RTN-0334,INSPECTED,10
TWIN-PROD-0173-RTN-0335,PROD-0173,RTN-0335,INSPECTED,10
TWIN-PROD-0972-RTN-0336,PROD-0972,RTN-0336,INSPECTED,0
TWIN-PROD-0215-RTN-0337,PROD-0215,RTN-0337,INSPECTED,0
TWIN-PROD-0218-RTN-0338,PROD-0218,RTN-0338,INSPECTED,2
TWIN-PROD-0947-RTN-0339,PROD-0947,RTN-0339,INSPECTED,0
TWIN-PROD-0848-RTN-0340,PROD-0848,RTN-0340,INSPECTED,0
TWIN-PROD-0941-RTN-0341,PROD-0941,RTN-0341,INSPECTED,0
TWIN-PROD-0920-RTN-0342,PROD-0920,RTN-0342,INSPECTED,0
TWIN-PROD-0121-RTN-0343,PROD-0121,RTN-0343,INSPECTED,0
TWIN-PROD-0593-RTN-0344,PROD-0593,RTN-0344,INSPECTED,0
TWIN-PROD-0141-RTN-0345,PROD-0141,RTN-0345,INSPECTED,10
TWIN-PROD-0066-RTN-0346,PROD-0066,RTN-0346,INSPECTED,0
TWIN-PROD-0271-RTN-0347,PROD-0271,RTN-0347,INSPECTED,0
TWIN-PROD-0560-RTN-0348,PROD-0560,RTN-0348,INSPECTED,6
TWIN-PROD-0690-RTN-0349,PROD-0690,RTN-0349,INSPECTED,0
TWIN-PROD-0868-RTN-0350,PROD-0868,RTN-0350,INSPECTED,10
TWIN-PROD-0332-RTN-0351,PROD-0332,RTN-0351,INSPECTED,9
TWIN-PROD-0808-RTN-0352,PROD-0808,RTN-0352,INSPECTED,6
TWIN-PROD-0576-RTN-0353,PROD-0576,RTN-0353,INSPECTED,0
TWIN-PROD-0104-RTN-0354,PROD-0104,RTN-0354,INSPECTED,0
TWIN-PROD-0537-RTN-0355,PROD-0537,RTN-0355,INSPECTED,0
TWIN-PROD-0284-RTN-0356,PROD-0284,RTN-0356,INSPECTED,5
TWIN-PROD-0311-RTN-0357,PROD-0311,RTN-0357,INSPECTED,0
TWIN-PROD-0177-RTN-0358,PROD-0177,RTN-0358,INSPECTED,0
TWIN-PROD-0073-RTN-0359,PROD-0073,RTN-0359,INSPECTED,0
TWIN-PROD-0428-RTN-0360,PROD-0428,RTN-0360,INSPECTED,0
TWIN-PROD-0281-RTN-0361,PROD-0281,RTN-0361,INSPECTED,0
TWIN-PROD-0174-RTN-0362,PROD-0174,RTN-0362,INSPECTED,0
TWIN-PROD-0119-RTN-0363,PROD-0119,RTN-0363,INSPECTED,9
TWIN-PROD-0679-RTN-0364,PROD-0679,RTN-0364,INSPECTED,0
TWIN-PROD-0355-RTN-0365,PROD-0355,RTN-0365,INSPECTED,0
TWIN-PROD-0110-RTN-0366,PROD-0110,RTN-0366,INSPECTED,0
TWIN-PROD-0160-RTN-0367,PROD-0160,RTN-0367,INSPECTED,0
TWIN-PROD-0735-RTN-0368,PROD-0735,RTN-0368,INSPECTED,0
TWIN-PROD-0205-RTN-0369,PROD-0205,RTN-0369,INSPECTED,0
TWIN-PROD-0236-RTN-0370,PROD-0236,RTN-0370,INSPECTED,2
TWIN-PROD-0436-RTN-0371,PROD-0436,RTN-0371,INSPECTED,10
TWIN-PROD-0317-RTN-0372,PROD-0317,RTN-0372,INSPECTED,0
TWIN-PROD-0541-RTN-0373,PROD-0541,RTN-0373,INSPECTED,6
TWIN-PROD-0054-RTN-0374,PROD-0054,RTN-0374,INSPECTED,0
TWIN-PROD-0380-RTN-0375,PROD-0380,RTN-0375,INSPECTED,0
TWIN-PROD-0275-RTN-0376,PROD-0275,RTN-0376,INSPECTED,0
TWIN-PROD-0148-RTN-0377,PROD-0148,RTN-0377,INSPECTED,0
TWIN-PROD-0042-RTN-0378,PROD-0042,RTN-0378,INSPECTED,0
TWIN-PROD-0659-RTN-0379,PROD-0659,RTN-0379,INSPECTED,9
TWIN-PROD-0099-RTN-0380,PROD-0099,RTN-0380,INSPECTED,10
TWIN-PROD-0256-RTN-0381,PROD-0256,RTN-0381,INSPECTED,0
TWIN-PROD-0534-RTN-0382,PROD-0534,RTN-0382,INSPECTED,0
TWIN-PROD-0699-RTN-0383,PROD-0699,RTN-0383,INSPECTED,6
TWIN-PROD-0183-RTN-0384,PROD-0183,RTN-0384,INSPECTED,0
TWIN-PROD-0548-RTN-0385,PROD-0548,RTN-0385,INSPECTED,0
TWIN-PROD-0736-RTN-0386,PROD-0736,RTN-0386,INSPECTED,1
TWIN-PROD-0838-RTN-0387,PROD-0838,RTN-0387,INSPECTED,1
TWIN-PROD-0419-RTN-0388,PROD-0419,RTN-0388,INSPECTED,0
TWIN-PROD-0346-RTN-0389,PROD-0346,RTN-0389,INSPECTED,5
TWIN-PROD-0960-RTN-0390,PROD-0960,RTN-0390,INSPECTED,0
TWIN-PROD-0152-RTN-0391,PROD-0152,RTN-0391,INSPECTED,0
TWIN-PROD-0916-RTN-0392,PROD-0916,RTN-0392,INSPECTED,1
TWIN-PROD-0004-RTN-0393,PROD-0004,RTN-0393,INSPECTED,0
TWIN-PROD-0432-RTN-0394,PROD-0432,RTN-0394,INSPECTED,0
TWIN-PROD-0736-RTN-0395,PROD-0736,RTN-0395,INSPECTED,4
TWIN-PROD-0241-RTN-0396,PROD-0241,RTN-0396,INSPECTED,9
TWIN-PROD-0100-RTN-0397,PROD-0100,RTN-0397,INSPECTED,0
TWIN-PROD-0657-RTN-0398,PROD-0657,RTN-0398,INSPECTED,0
TWIN-PROD-0904-RTN-0399,PROD-0904,RTN-0399,INSPECTED,9
TWIN-PROD-0507-RTN-0400,PROD-0507,RTN-0400,INSPECTED,0
TWIN-PROD-0801-RTN-0401,PROD-0801,RTN-0401,INSPECTED,1
TWIN-PROD-0821-RTN-0402,PROD-0821,RTN-0402,INSPECTED,0
TWIN-PROD-0669-RTN-0403,PROD-0669,RTN-0403,INSPECTED,0
TWIN-PROD-0247-RTN-0404,PROD-0247,RTN-0404,INSPECTED,0
TWIN-PROD-0140-RTN-0405,PROD-0140,RTN-0405,INSPECTED,0
TWIN-PROD-0479-RTN-0406,PROD-0479,RTN-0406,INSPECTED,10
TWIN-PROD-0041-RTN-0407,PROD-0041,RTN-0407,INSPECTED,0
TWIN-PROD-0267-RTN-0408,PROD-0267,RTN-0408,INSPECTED,0
TWIN-PROD-0116-RTN-0409,PROD-0116,RTN-0409,INSPECTED,9
TWIN-PROD-0358-RTN-0410,PROD-0358,RTN-0410,INSPECTED,8
TWIN-PROD-0825-RTN-0411,PROD-0825,RTN-0411,INSPECTED,3
TWIN-PROD-0093-RTN-0412,PROD-0093,RTN-0412,INSPECTED,0
TWIN-PROD-0026-RTN-0413,PROD-0026,RTN-0413,INSPECTED,0
TWIN-PROD-0750-RTN-0414,PROD-0750,RTN-0414,INSPECTED,0
TWIN-PROD-0966-RTN-0415,PROD-0966,RTN-0415,INSPECTED,10
TWIN-PROD-0033-RTN-0416,PROD-0033,RTN-0416,INSPECTED,0
TWIN-PROD-0083-RTN-0417,PROD-0083,RTN-0417,INSPECTED,5
TWIN-PROD-0224-RTN-0418,PROD-0224,RTN-0418,INSPECTED,0
TWIN-PROD-0594-RTN-0419,PROD-0594,RTN-0419,INSPECTED,0
TWIN-PROD-0292-RTN-0420,PROD-0292,RTN-0420,INSPECTED,0
TWIN-PROD-0564-RTN-0421,PROD-0564,RTN-0421,INSPECTED,7
TWIN-PROD-0563-RTN-0422,PROD-0563,RTN-0422,INSPECTED,10
TWIN-PROD-0591-RTN-0423,PROD-0591,RTN-0423,INSPECTED,3
TWIN-PROD-0276-RTN-0424,PROD-0276,RTN-0424,INSPECTED,0
TWIN-PROD-0869-RTN-0425,PROD-0869,RTN-0425,INSPECTED,0
TWIN-PROD-0287-RTN-0426,PROD-0287,RTN-0426,INSPECTED,0
TWIN-PROD-0350-RTN-0427,PROD-0350,RTN-0427,INSPECTED,10
TWIN-PROD-0034-RTN-0428,PROD-0034,RTN-0428,INSPECTED,0
TWIN-PROD-0354-RTN-0429,PROD-0354,RTN-0429,INSPECTED,1
TWIN-PROD-0144-RTN-0430,PROD-0144,RTN-0430,INSPECTED,0
TWIN-PROD-0905-RTN-0431,PROD-0905,RTN-0431,INSPECTED,0
TWIN-PROD-0614-RTN-0432,PROD-0614,RTN-0432,INSPECTED,1
TWIN-PROD-0845-RTN-0433,PROD-0845,RTN-0433,INSPECTED,4
TWIN-PROD-0068-RTN-0434,PROD-0068,RTN-0434,INSPECTED,0
TWIN-PROD-0935-RTN-0435,PROD-0935,RTN-0435,INSPECTED,0
TWIN-PROD-0142-RTN-0436,PROD-0142,RTN-0436,INSPECTED,0
TWIN-PROD-0887-RTN-0437,PROD-0887,RTN-0437,INSPECTED,0
TWIN-PROD-0010-RTN-0438,PROD-0010,RTN-0438,INSPECTED,0
TWIN-PROD-0218-RTN-0439,PROD-0218,RTN-0439,INSPECTED,10
TWIN-PROD-0007-RTN-0440,PROD-0007,RTN-0440,INSPECTED,0
TWIN-PROD-0259-RTN-0441,PROD-0259,RTN-0441,INSPECTED,0
TWIN-PROD-0116-RTN-0442,PROD-0116,RTN-0442,INSPECTED,0
TWIN-PROD-0962-RTN-0443,PROD-0962,RTN-0443,INSPECTED,0
TWIN-PROD-0867-RTN-0444,PROD-0867,RTN-0444,INSPECTED,0
TWIN-PROD-0733-RTN-0445,PROD-0733,RTN-0445,INSPECTED,1
TWIN-PROD-0322-RTN-0446,PROD-0322,RTN-0446,INSPECTED,9
TWIN-PROD-0280-RTN-0447,PROD-0280,RTN-0447,INSPECTED,3
TWIN-PROD-0846-RTN-0448,PROD-0846,RTN-0448,INSPECTED,1
TWIN-PROD-0864-RTN-0449,PROD-0864,RTN-0449,INSPECTED,0
TWIN-PROD-0369-RTN-0450,PROD-0369,RTN-0450,INSPECTED,8
TWIN-PROD-0074-RTN-0451,PROD-0074,RTN-0451,INSPECTED,4
TWIN-PROD-0430-RTN-0452,PROD-0430,RTN-0452,INSPECTED,9
TWIN-PROD-0265-RTN-0453,PROD-0265,RTN-0453,INSPECTED,0
TWIN-PROD-0204-RTN-0454,PROD-0204,RTN-0454,INSPECTED,2
TWIN-PROD-0736-RTN-0455,PROD-0736,RTN-0455,INSPECTED,10
TWIN-PROD-0020-RTN-0456,PROD-0020,RTN-0456,INSPECTED,0
TWIN-PROD-0315-RTN-0457,PROD-0315,RTN-0457,INSPECTED,5
TWIN-PROD-0565-RTN-0458,PROD-0565,RTN-0458,INSPECTED,0
TWIN-PROD-0237-RTN-0459,PROD-0237,RTN-0459,INSPECTED,7
TWIN-PROD-0798-RTN-0460,PROD-0798,RTN-0460,INSPECTED,0
TWIN-PROD-0957-RTN-0461,PROD-0957,RTN-0461,INSPECTED,0
TWIN-PROD-0541-RTN-0462,PROD-0541,RTN-0462,INSPECTED,0
TWIN-PROD-0223-RTN-0463,PROD-0223,RTN-0463,INSPECTED,0
TWIN-PROD-0414-RTN-0464,PROD-0414,RTN-0464,INSPECTED,0
TWIN-PROD-0803-RTN-0465,PROD-0803,RTN-0465,INSPECTED,0
TWIN-PROD-0119-RTN-0466,PROD-0119,RTN-0466,INSPECTED,0
TWIN-PROD-0713-RTN-0467,PROD-0713,RTN-0467,INSPECTED,6
TWIN-PROD-0128-RTN-0468,PROD-0128,RTN-0468,INSPECTED,0
TWIN-PROD-0059-RTN-0469,PROD-0059,RTN-0469,INSPECTED,6
TWIN-PROD-0065-RTN-0470,PROD-0065,RTN-0470,INSPECTED,0
TWIN-PROD-0980-RTN-0471,PROD-0980,RTN-0471,INSPECTED,0
TWIN-PROD-0844-RTN-0472,PROD-0844,RTN-0472,INSPECTED,0
TWIN-PROD-0748-RTN-0473,PROD-0748,RTN-0473,INSPECTED,0
TWIN-PROD-0859-RTN-0474,PROD-0859,RTN-0474,INSPECTED,7
TWIN-PROD-0065-RTN-0475,PROD-0065,RTN-0475,INSPECTED,0
TWIN-PROD-0440-RTN-0476,PROD-0440,RTN-0476,INSPECTED,0
TWIN-PROD-0393-RTN-0477,PROD-0393,RTN-0477,INSPECTED,0
TWIN-PROD-0548-RTN-0478,PROD-0548,RTN-0478,INSPECTED,0
TWIN-PROD-0431-RTN-0479,PROD-0431,RTN-0479,INSPECTED,0
TWIN-PROD-0538-RTN-0480,PROD-0538,RTN-0480,INSPECTED,7
TWIN-PROD-0078-RTN-0481,PROD-0078,RTN-0481,INSPECTED,0
TWIN-PROD-0943-RTN-0482,PROD-0943,RTN-0482,INSPECTED,5
TWIN-PROD-0919-RTN-0483,PROD-0919,RTN-0483,INSPECTED,1
TWIN-PROD-0299-RTN-0484,PROD-0299,RTN-0484,INSPECTED,0
TWIN-PROD-0527-RTN-0485,PROD-0527,RTN-0485,INSPECTED,0
TWIN-PROD-0984-RTN-0486,PROD-0984,RTN-0486,INSPECTED,0
TWIN-PROD-0537-RTN-0487,PROD-0537,RTN-0487,INSPECTED,0
TWIN-PROD-0806-RTN-0488,PROD-0806,RTN-0488,INSPECTED,7
TWIN-PROD-0041-RTN-0489,PROD-0041,RTN-0489,INSPECTED,0
TWIN-PROD-0232-RTN-0490,PROD-0232,RTN-0490,INSPECTED,4
TWIN-PROD-0752-RTN-0491,PROD-0752,RTN-0491,INSPECTED,0
TWIN-PROD-0119-RTN-0492,PROD-0119,RTN-0492,INSPECTED,2
TWIN-PROD-0402-RTN-0493,PROD-0402,RTN-0493,INSPECTED,0
TWIN-PROD-0758-RTN-0494,PROD-0758,RTN-0494,INSPECTED,4
TWIN-PROD-0506-RTN-0495,PROD-0506,RTN-0495,INSPECTED,0
TWIN-PROD-0246-RTN-0496,PROD-0246,RTN-0496,INSPECTED,0
TWIN-PROD-0442-RTN-0497,PROD-0442,RTN-0497,INSPECTED,0
TWIN-PROD-0518-RTN-0498,PROD-0518,RTN-0498,INSPECTED,0
TWIN-PROD-0171-RTN-0499,PROD-0171,RTN-0499,INSPECTED,0
TWIN-PROD-0970-RTN-0500,PROD-0970,RTN-0500,INSPECTED,0
TWIN-PROD-0991-RTN-0501,PROD-0991,RTN-0501,INSPECTED,2
TWIN-PROD-0060-RTN-0502,PROD-0060,RTN-0502,INSPECTED,7
TWIN-PROD-0659-RTN-0503,PROD-0659,RTN-0503,INSPECTED,3
TWIN-PROD-0849-RTN-0504,PROD-0849,RTN-0504,INSPECTED,1
TWIN-PROD-0055-RTN-0505,PROD-0055,RTN-0505,INSPECTED,0
TWIN-PROD-0116-RTN-0506,PROD-0116,RTN-0506,INSPECTED,2
TWIN-PROD-0807-RTN-0507,PROD-0807,RTN-0507,INSPECTED,0
TWIN-PROD-0183-RTN-0508,PROD-0183,RTN-0508,INSPECTED,0
TWIN-PROD-0978-RTN-0509,PROD-0978,RTN-0509,INSPECTED,6
TWIN-PROD-0137-RTN-0510,PROD-0137,RTN-0510,INSPECTED,0
TWIN-PROD-0018-RTN-0511,PROD-0018,RTN-0511,INSPECTED,3
TWIN-PROD-0819-RTN-0512,PROD-0819,RTN-0512,INSPECTED,0
TWIN-PROD-0456-RTN-0513,PROD-0456,RTN-0513,INSPECTED,0
TWIN-PROD-0942-RTN-0514,PROD-0942,RTN-0514,INSPECTED,0
TWIN-PROD-0769-RTN-0515,PROD-0769,RTN-0515,INSPECTED,0
TWIN-PROD-0758-RTN-0516,PROD-0758,RTN-0516,INSPECTED,0
TWIN-PROD-0353-RTN-0517,PROD-0353,RTN-0517,INSPECTED,9
TWIN-PROD-0710-RTN-0518,PROD-0710,RTN-0518,INSPECTED,0
TWIN-PROD-0776-RTN-0519,PROD-0776,RTN-0519,INSPECTED,0
TWIN-PROD-0792-RTN-0520,PROD-0792,RTN-0520,INSPECTED,0
TWIN-PROD-0941-RTN-0521,PROD-0941,RTN-0521,INSPECTED,0
TWIN-PROD-0889-RTN-0522,PROD-0889,RTN-0522,INSPECTED,7
TWIN-PROD-0995-RTN-0523,PROD-0995,RTN-0523,INSPECTED,7
TWIN-PROD-0801-RTN-0524,PROD-0801,RTN-0524,INSPECTED,0
TWIN-PROD-0413-RTN-0525,PROD-0413,RTN-0525,INSPECTED,0
TWIN-PROD-0265-RTN-0526,PROD-0265,RTN-0526,INSPECTED,0
TWIN-PROD-0144-RTN-0527,PROD-0144,RTN-0527,INSPECTED,0
TWIN-PROD-0636-RTN-0528,PROD-0636,RTN-0528,INSPECTED,0
TWIN-PROD-0975-RTN-0529,PROD-0975,RTN-0529,INSPECTED,0
TWIN-PROD-0022-RTN-0530,PROD-0022,RTN-0530,INSPECTED,0
TWIN-PROD-0736-RTN-0531,PROD-0736,RTN-0531,INSPECTED,4
TWIN-PROD-0751-RTN-0532,PROD-0751,RTN-0532,INSPECTED,0
TWIN-PROD-0494-RTN-0533,PROD-0494,RTN-0533,INSPECTED,0
TWIN-PROD-0740-RTN-0534,PROD-0740,RTN-0534,INSPECTED,0
TWIN-PROD-0676-RTN-0535,PROD-0676,RTN-0535,INSPECTED,0
TWIN-PROD-0076-RTN-0536,PROD-0076,RTN-0536,INSPECTED,0
TWIN-PROD-0324-RTN-0537,PROD-0324,RTN-0537,INSPECTED,0
TWIN-PROD-0874-RTN-0538,PROD-0874,RTN-0538,INSPECTED,0
TWIN-PROD-0628-RTN-0539,PROD-0628,RTN-0539,INSPECTED,2
TWIN-PROD-0154-RTN-0540,PROD-0154,RTN-0540,INSPECTED,0
TWIN-PROD-0366-RTN-0541,PROD-0366,RTN-0541,INSPECTED,0
TWIN-PROD-0962-RTN-0542,PROD-0962,RTN-0542,INSPECTED,0
TWIN-PROD-0921-RTN-0543,PROD-0921,RTN-0543,INSPECTED,0
TWIN-PROD-0430-RTN-0544,PROD-0430,RTN-0544,INSPECTED,3
TWIN-PROD-0819-RTN-0545,PROD-0819,RTN-0545,INSPECTED,0
TWIN-PROD-0141-RTN-0546,PROD-0141,RTN-0546,INSPECTED,7
TWIN-PROD-0479-RTN-0547,PROD-0479,RTN-0547,INSPECTED,0
TWIN-PROD-0748-RTN-0548,PROD-0748,RTN-0548,INSPECTED,0
TWIN-PROD-0288-RTN-0549,PROD-0288,RTN-0549,INSPECTED,8
TWIN-PROD-0393-RTN-0550,PROD-0393,RTN-0550,INSPECTED,0
TWIN-PROD-0170-RTN-0551,PROD-0170,RTN-0551,INSPECTED,0
TWIN-PROD-0357-RTN-0552,PROD-0357,RTN-0552,INSPECTED,0
TWIN-PROD-0225-RTN-0553,PROD-0225,RTN-0553,INSPECTED,0
TWIN-PROD-0695-RTN-0554,PROD-0695,RTN-0554,INSPECTED,0
TWIN-PROD-0812-RTN-0555,PROD-0812,RTN-0555,INSPECTED,2
TWIN-PROD-0143-RTN-0556,PROD-0143,RTN-0556,INSPECTED,0
TWIN-PROD-0812-RTN-0557,PROD-0812,RTN-0557,INSPECTED,10
TWIN-PROD-0562-RTN-0558,PROD-0562,RTN-0558,INSPECTED,10
TWIN-PROD-0472-RTN-0559,PROD-0472,RTN-0559,INSPECTED,3
TWIN-PROD-0882-RTN-0560,PROD-0882,RTN-0560,INSPECTED,5
TWIN-PROD-0438-RTN-0561,PROD-0438,RTN-0561,INSPECTED,0
TWIN-PROD-0485-RTN-0562,PROD-0485,RTN-0562,INSPECTED,3
TWIN-PROD-0576-RTN-0563,PROD-0576,RTN-0563,INSPECTED,0
TWIN-PROD-0781-RTN-0564,PROD-0781,RTN-0564,INSPECTED,5
TWIN-PROD-0515-RTN-0565,PROD-0515,RTN-0565,INSPECTED,0
TWIN-PROD-0682-RTN-0566,PROD-0682,RTN-0566,INSPECTED,0
TWIN-PROD-0741-RTN-0567,PROD-0741,RTN-0567,INSPECTED,8
TWIN-PROD-0110-RTN-0568,PROD-0110,RTN-0568,INSPECTED,1
TWIN-PROD-0756-RTN-0569,PROD-0756,RTN-0569,INSPECTED,0
TWIN-PROD-0302-RTN-0570,PROD-0302,RTN-0570,INSPECTED,4
TWIN-PROD-0912-RTN-0571,PROD-0912,RTN-0571,INSPECTED,1
TWIN-PROD-0933-RTN-0572,PROD-0933,RTN-0572,INSPECTED,0
TWIN-PROD-0520-RTN-0573,PROD-0520,RTN-0573,INSPECTED,1
TWIN-PROD-0534-RTN-0574,PROD-0534,RTN-0574,INSPECTED,8
TWIN-PROD-0532-RTN-0575,PROD-0532,RTN-0575,INSPECTED,1
TWIN-PROD-0854-RTN-0576,PROD-0854,RTN-0576,INSPECTED,0
TWIN-PROD-0530-RTN-0577,PROD-0530,RTN-0577,INSPECTED,0
TWIN-PROD-0846-RTN-0578,PROD-0846,RTN-0578,INSPECTED,2
TWIN-PROD-0587-RTN-0579,PROD-0587,RTN-0579,INSPECTED,9
TWIN-PROD-0107-RTN-0580,PROD-0107,RTN-0580,INSPECTED,0
TWIN-PROD-0236-RTN-0581,PROD-0236,RTN-0581,INSPECTED,9
TWIN-PROD-0363-RTN-0582,PROD-0363,RTN-0582,INSPECTED,0
TWIN-PROD-0508-RTN-0583,PROD-0508,RTN-0583,INSPECTED,10
TWIN-PROD-0553-RTN-0584,PROD-0553,RTN-0584,INSPECTED,0
TWIN-PROD-0292-RTN-0585,PROD-0292,RTN-0585,INSPECTED,0
TWIN-PROD-0167-RTN-0586,PROD-0167,RTN-0586,INSPECTED,0
TWIN-PROD-0256-RTN-0587,PROD-0256,RTN-0587,INSPECTED,0
TWIN-PROD-0526-RTN-0588,PROD-0526,RTN-0588,INSPECTED,0
TWIN-PROD-0885-RTN-0589,PROD-0885,RTN-0589,INSPECTED,4
TWIN-PROD-0786-RTN-0590,PROD-0786,RTN-0590,INSPECTED,0
TWIN-PROD-0353-RTN-0591,PROD-0353,RTN-0591,INSPECTED,10
TWIN-PROD-0693-RTN-0592,PROD-0693,RTN-0592,INSPECTED,8
TWIN-PROD-0024-RTN-0593,PROD-0024,RTN-0593,INSPECTED,5
TWIN-PROD-0665-RTN-0594,PROD-0665,RTN-0594,INSPECTED,0
TWIN-PROD-0335-RTN-0595,PROD-0335,RTN-0595,INSPECTED,0
TWIN-PROD-0727-RTN-0596,PROD-0727,RTN-0596,INSPECTED,0
TWIN-PROD-0153-RTN-0597,PROD-0153,RTN-0597,INSPECTED,0
TWIN-PROD-0309-RTN-0598,PROD-0309,RTN-0598,INSPECTED,0
TWIN-PROD-0411-RTN-0599,PROD-0411,RTN-0599,INSPECTED,5
TWIN-PROD-0657-RTN-0600,PROD-0657,RTN-0600,INSPECTED,5
TWIN-PROD-0903-RTN-0601,PROD-0903,RTN-0601,INSPECTED,0
TWIN-PROD-0711-RTN-0602,PROD-0711,RTN-0602,INSPECTED,1
TWIN-PROD-0550-RTN-0603,PROD-0550,RTN-0603,INSPECTED,9
TWIN-PROD-0580-RTN-0604,PROD-0580,RTN-0604,INSPECTED,4
TWIN-PROD-0661-RTN-0605,PROD-0661,RTN-0605,INSPECTED,10
TWIN-PROD-0441-RTN-0606,PROD-0441,RTN-0606,INSPECTED,0
TWIN-PROD-0670-RTN-0607,PROD-0670,RTN-0607,INSPECTED,9
TWIN-PROD-0553-RTN-0608,PROD-0553,RTN-0608,INSPECTED,0
TWIN-PROD-0904-RTN-0609,PROD-0904,RTN-0609,INSPECTED,6
TWIN-PROD-0424-RTN-0610,PROD-0424,RTN-0610,INSPECTED,0
TWIN-PROD-0232-RTN-0611,PROD-0232,RTN-0611,INSPECTED,0
TWIN-PROD-0851-RTN-0612,PROD-0851,RTN-0612,INSPECTED,0
TWIN-PROD-0621-RTN-0613,PROD-0621,RTN-0613,INSPECTED,8
TWIN-PROD-0605-RTN-0614,PROD-0605,RTN-0614,INSPECTED,0
TWIN-PROD-0795-RTN-0615,PROD-0795,RTN-0615,INSPECTED,10
TWIN-PROD-0606-RTN-0616,PROD-0606,RTN-0616,INSPECTED,0
TWIN-PROD-0023-RTN-0617,PROD-0023,RTN-0617,INSPECTED,0
TWIN-PROD-0959-RTN-0618,PROD-0959,RTN-0618,INSPECTED,0
TWIN-PROD-0162-RTN-0619,PROD-0162,RTN-0619,INSPECTED,8
TWIN-PROD-0973-RTN-0620,PROD-0973,RTN-0620,INSPECTED,0
TWIN-PROD-0497-RTN-0621,PROD-0497,RTN-0621,INSPECTED,0
TWIN-PROD-0483-RTN-0622,PROD-0483,RTN-0622,INSPECTED,6
TWIN-PROD-0300-RTN-0623,PROD-0300,RTN-0623,INSPECTED,0
TWIN-PROD-0396-RTN-0624,PROD-0396,RTN-0624,INSPECTED,0
TWIN-PROD-0298-RTN-0625,PROD-0298,RTN-0625,INSPECTED,0
TWIN-PROD-0849-RTN-0626,PROD-0849,RTN-0626,INSPECTED,3
TWIN-PROD-0103-RTN-0627,PROD-0103,RTN-0627,INSPECTED,0
TWIN-PROD-0656-RTN-0628,PROD-0656,RTN-0628,INSPECTED,0
TWIN-PROD-0796-RTN-0629,PROD-0796,RTN-0629,INSPECTED,0
TWIN-PROD-0791-RTN-0630,PROD-0791,RTN-0630,INSPECTED,0
TWIN-PROD-0098-RTN-0631,PROD-0098,RTN-0631,INSPECTED,0
TWIN-PROD-0330-RTN-0632,PROD-0330,RTN-0632,INSPECTED,0
TWIN-PROD-0718-RTN-0633,PROD-0718,RTN-0633,INSPECTED,0
TWIN-PROD-0317-RTN-0634,PROD-0317,RTN-0634,INSPECTED,0
TWIN-PROD-0945-RTN-0635,PROD-0945,RTN-0635,INSPECTED,0
TWIN-PROD-0461-RTN-0636,PROD-0461,RTN-0636,INSPECTED,0
TWIN-PROD-0121-RTN-0637,PROD-0121,RTN-0637,INSPECTED,9
TWIN-PROD-0675-RTN-0638,PROD-0675,RTN-0638,INSPECTED,0
TWIN-PROD-0477-RTN-0639,PROD-0477,RTN-0639,INSPECTED,0
TWIN-PROD-0821-RTN-0640,PROD-0821,RTN-0640,INSPECTED,0
TWIN-PROD-0020-RTN-0641,PROD-0020,RTN-0641,INSPECTED,0
TWIN-PROD-0863-RTN-0642,PROD-0863,RTN-0642,INSPECTED,2
TWIN-PROD-0439-RTN-0643,PROD-0439,RTN-0643,INSPECTED,0
TWIN-PROD-0161-RTN-0644,PROD-0161,RTN-0644,INSPECTED,0
TWIN-PROD-0471-RTN-0645,PROD-0471,RTN-0645,INSPECTED,0
TWIN-PROD-0733-RTN-0646,PROD-0733,RTN-0646,INSPECTED,10
TWIN-PROD-0388-RTN-0647,PROD-0388,RTN-0647,INSPECTED,0
TWIN-PROD-0680-RTN-0648,PROD-0680,RTN-0648,INSPECTED,0
TWIN-PROD-0866-RTN-0649,PROD-0866,RTN-0649,INSPECTED,7
TWIN-PROD-0401-RTN-0650,PROD-0401,RTN-0650,INSPECTED,1
TWIN-PROD-0862-RTN-0651,PROD-0862,RTN-0651,INSPECTED,0
TWIN-PROD-0115-RTN-0652,PROD-0115,RTN-0652,INSPECTED,0
TWIN-PROD-0666-RTN-0653,PROD-0666,RTN-0653,INSPECTED,0
TWIN-PROD-0406-RTN-0654,PROD-0406,RTN-0654,INSPECTED,0
TWIN-PROD-0489-RTN-0655,PROD-0489,RTN-0655,INSPECTED,0
TWIN-PROD-0875-RTN-0656,PROD-0875,RTN-0656,INSPECTED,0
TWIN-PROD-0301-RTN-0657,PROD-0301,RTN-0657,INSPECTED,0
TWIN-PROD-0664-RTN-0658,PROD-0664,RTN-0658,INSPECTED,0
TWIN-PROD-0827-RTN-0659,PROD-0827,RTN-0659,INSPECTED,0
TWIN-PROD-0119-RTN-0660,PROD-0119,RTN-0660,INSPECTED,7
TWIN-PROD-0012-RTN-0661,PROD-0012,RTN-0661,INSPECTED,2
TWIN-PROD-0451-RTN-0662,PROD-0451,RTN-0662,INSPECTED,1
TWIN-PROD-0454-RTN-0663,PROD-0454,RTN-0663,INSPECTED,0
TWIN-PROD-0858-RTN-0664,PROD-0858,RTN-0664,INSPECTED,5
TWIN-PROD-0561-RTN-0665,PROD-0561,RTN-0665,INSPECTED,0
TWIN-PROD-0570-RTN-0666,PROD-0570,RTN-0666,INSPECTED,0
TWIN-PROD-0201-RTN-0667,PROD-0201,RTN-0667,INSPECTED,9
TWIN-PROD-0916-RTN-0668,PROD-0916,RTN-0668,INSPECTED,9
TWIN-PROD-0440-RTN-0669,PROD-0440,RTN-0669,INSPECTED,0
TWIN-PROD-0155-RTN-0670,PROD-0155,RTN-0670,INSPECTED,0
TWIN-PROD-0760-RTN-0671,PROD-0760,RTN-0671,INSPECTED,0
TWIN-PROD-0103-RTN-0672,PROD-0103,RTN-0672,INSPECTED,0
TWIN-PROD-0418-RTN-0673,PROD-0418,RTN-0673,INSPECTED,0
TWIN-PROD-0808-RTN-0674,PROD-0808,RTN-0674,INSPECTED,0
TWIN-PROD-0953-RTN-0675,PROD-0953,RTN-0675,INSPECTED,0
TWIN-PROD-0253-RTN-0676,PROD-0253,RTN-0676,INSPECTED,0
TWIN-PROD-0403-RTN-0677,PROD-0403,RTN-0677,INSPECTED,0
TWIN-PROD-0992-RTN-0678,PROD-0992,RTN-0678,INSPECTED,0
TWIN-PROD-0715-RTN-0679,PROD-0715,RTN-0679,INSPECTED,8
TWIN-PROD-0954-RTN-0680,PROD-0954,RTN-0680,INSPECTED,0
TWIN-PROD-0889-RTN-0681,PROD-0889,RTN-0681,INSPECTED,0
TWIN-PROD-0907-RTN-0682,PROD-0907,RTN-0682,INSPECTED,0
TWIN-PROD-0477-RTN-0683,PROD-0477,RTN-0683,INSPECTED,0
TWIN-PROD-0140-RTN-0684,PROD-0140,RTN-0684,INSPECTED,1
TWIN-PROD-0793-RTN-0685,PROD-0793,RTN-0685,INSPECTED,0
TWIN-PROD-0555-RTN-0686,PROD-0555,RTN-0686,INSPECTED,0
TWIN-PROD-0398-RTN-0687,PROD-0398,RTN-0687,INSPECTED,0
TWIN-PROD-0872-RTN-0688,PROD-0872,RTN-0688,INSPECTED,0
TWIN-PROD-0740-RTN-0689,PROD-0740,RTN-0689,INSPECTED,0
TWIN-PROD-0484-RTN-0690,PROD-0484,RTN-0690,INSPECTED,0
TWIN-PROD-0657-RTN-0691,PROD-0657,RTN-0691,INSPECTED,0
TWIN-PROD-0936-RTN-0692,PROD-0936,RTN-0692,INSPECTED,0
TWIN-PROD-0154-RTN-0693,PROD-0154,RTN-0693,INSPECTED,0
TWIN-PROD-0030-RTN-0694,PROD-0030,RTN-0694,INSPECTED,0
TWIN-PROD-0566-RTN-0695,PROD-0566,RTN-0695,INSPECTED,0
TWIN-PROD-0631-RTN-0696,PROD-0631,RTN-0696,INSPECTED,0
TWIN-PROD-0546-RTN-0697,PROD-0546,RTN-0697,INSPECTED,9
TWIN-PROD-0222-RTN-0698,PROD-0222,RTN-0698,INSPECTED,10
TWIN-PROD-0474-RTN-0699,PROD-0474,RTN-0699,INSPECTED,7
TWIN-PROD-0938-RTN-0700,PROD-0938,RTN-0700,INSPECTED,2
TWIN-PROD-0985-RTN-0701,PROD-0985,RTN-0701,INSPECTED,0
TWIN-PROD-0745-RTN-0702,PROD-0745,RTN-0702,INSPECTED,0
TWIN-PROD-0112-RTN-0703,PROD-0112,RTN-0703,INSPECTED,0
TWIN-PROD-0154-RTN-0704,PROD-0154,RTN-0704,INSPECTED,0
TWIN-PROD-0802-RTN-0705,PROD-0802,RTN-0705,INSPECTED,0
TWIN-PROD-0775-RTN-0706,PROD-0775,RTN-0706,INSPECTED,0
TWIN-PROD-0445-RTN-0707,PROD-0445,RTN-0707,INSPECTED,0
TWIN-PROD-0086-RTN-0708,PROD-0086,RTN-0708,INSPECTED,0
TWIN-PROD-0474-RTN-0709,PROD-0474,RTN-0709,INSPECTED,0
TWIN-PROD-0137-RTN-0710,PROD-0137,RTN-0710,INSPECTED,1
TWIN-PROD-0790-RTN-0711,PROD-0790,RTN-0711,INSPECTED,8
TWIN-PROD-0736-RTN-0712,PROD-0736,RTN-0712,INSPECTED,2
TWIN-PROD-0648-RTN-0713,PROD-0648,RTN-0713,INSPECTED,0
TWIN-PROD-0186-RTN-0714,PROD-0186,RTN-0714,INSPECTED,0
TWIN-PROD-0655-RTN-0715,PROD-0655,RTN-0715,INSPECTED,1
TWIN-PROD-0249-RTN-0716,PROD-0249,RTN-0716,INSPECTED,0
TWIN-PROD-0600-RTN-0717,PROD-0600,RTN-0717,INSPECTED,0
TWIN-PROD-0680-RTN-0718,PROD-0680,RTN-0718,INSPECTED,0
TWIN-PROD-0383-RTN-0719,PROD-0383,RTN-0719,INSPECTED,0
TWIN-PROD-0696-RTN-0720,PROD-0696,RTN-0720,INSPECTED,0
TWIN-PROD-0583-RTN-0721,PROD-0583,RTN-0721,INSPECTED,0
TWIN-PROD-0763-RTN-0722,PROD-0763,RTN-0722,INSPECTED,0
TWIN-PROD-0431-RTN-0723,PROD-0431,RTN-0723,INSPECTED,0
TWIN-PROD-0394-RTN-0724,PROD-0394,RTN-0724,INSPECTED,0
TWIN-PROD-0073-RTN-0725,PROD-0073,RTN-0725,INSPECTED,0
TWIN-PROD-0663-RTN-0726,PROD-0663,RTN-0726,INSPECTED,0
TWIN-PROD-0713-RTN-0727,PROD-0713,RTN-0727,INSPECTED,3
TWIN-PROD-0902-RTN-0728,PROD-0902,RTN-0728,INSPECTED,10
TWIN-PROD-0319-RTN-0729,PROD-0319,RTN-0729,INSPECTED,0
TWIN-PROD-0074-RTN-0730,PROD-0074,RTN-0730,INSPECTED,4
TWIN-PROD-0663-RTN-0731,PROD-0663,RTN-0731,INSPECTED,0
TWIN-PROD-0067-RTN-0732,PROD-0067,RTN-0732,INSPECTED,0
TWIN-PROD-0663-RTN-0733,PROD-0663,RTN-0733,INSPECTED,2
TWIN-PROD-0940-RTN-0734,PROD-0940,RTN-0734,INSPECTED,9
TWIN-PROD-0003-RTN-0735,PROD-0003,RTN-0735,INSPECTED,0
TWIN-PROD-0135-RTN-0736,PROD-0135,RTN-0736,INSPECTED,10
TWIN-PROD-0318-RTN-0737,PROD-0318,RTN-0737,INSPECTED,0
TWIN-PROD-0147-RTN-0738,PROD-0147,RTN-0738,INSPECTED,2
TWIN-PROD-0094-RTN-0739,PROD-0094,RTN-0739,INSPECTED,0
TWIN-PROD-0620-RTN-0740,PROD-0620,RTN-0740,INSPECTED,6
TWIN-PROD-0018-RTN-0741,PROD-0018,RTN-0741,INSPECTED,0
TWIN-PROD-0832-RTN-0742,PROD-0832,RTN-0742,INSPECTED,0
TWIN-PROD-1000-RTN-0743,PROD-1000,RTN-0743,INSPECTED,0
TWIN-PROD-0071-RTN-0744,PROD-0071,RTN-0744,INSPECTED,0
TWIN-PROD-0849-RTN-0745,PROD-0849,RTN-0745,INSPECTED,6
TWIN-PROD-0900-RTN-0746,PROD-0900,RTN-0746,INSPECTED,0
TWIN-PROD-0533-RTN-0747,PROD-0533,RTN-0747,INSPECTED,0
TWIN-PROD-0474-RTN-0748,PROD-0474,RTN-0748,INSPECTED,6
TWIN-PROD-0803-RTN-0749,PROD-0803,RTN-0749,INSPECTED,0
TWIN-PROD-0300-RTN-0750,PROD-0300,RTN-0750,INSPECTED,0
TWIN-PROD-0207-RTN-0751,PROD-0207,RTN-0751,INSPECTED,0
TWIN-PROD-0871-RTN-0752,PROD-0871,RTN-0752,INSPECTED,0
TWIN-PROD-0635-RTN-0753,PROD-0635,RTN-0753,INSPECTED,0
TWIN-PROD-0972-RTN-0754,PROD-0972,RTN-0754,INSPECTED,0
TWIN-PROD-0723-RTN-0755,PROD-0723,RTN-0755,INSPECTED,7
TWIN-PROD-0551-RTN-0756,PROD-0551,RTN-0756,INSPECTED,0
TWIN-PROD-0712-RTN-0757,PROD-0712,RTN-0757,INSPECTED,1
TWIN-PROD-0432-RTN-0758,PROD-0432,RTN-0758,INSPECTED,0
TWIN-PROD-0708-RTN-0759,PROD-0708,RTN-0759,INSPECTED,0
TWIN-PROD-0297-RTN-0760,PROD-0297,RTN-0760,INSPECTED,1
TWIN-PROD-0665-RTN-0761,PROD-0665,RTN-0761,INSPECTED,6
TWIN-PROD-0185-RTN-0762,PROD-0185,RTN-0762,INSPECTED,9
TWIN-PROD-0396-RTN-0763,PROD-0396,RTN-0763,INSPECTED,0
TWIN-PROD-0931-RTN-0764,PROD-0931,RTN-0764,INSPECTED,0
TWIN-PROD-0162-RTN-0765,PROD-0162,RTN-0765,INSPECTED,4
TWIN-PROD-0874-RTN-0766,PROD-0874,RTN-0766,INSPECTED,0
TWIN-PROD-0849-RTN-0767,PROD-0849,RTN-0767,INSPECTED,7
TWIN-PROD-0659-RTN-0768,PROD-0659,RTN-0768,INSPECTED,1
TWIN-PROD-0184-RTN-0769,PROD-0184,RTN-0769,INSPECTED,0
TWIN-PROD-0288-RTN-0770,PROD-0288,RTN-0770,INSPECTED,10
TWIN-PROD-0436-RTN-0771,PROD-0436,RTN-0771,INSPECTED,7
TWIN-PROD-0029-RTN-0772,PROD-0029,RTN-0772,INSPECTED,0
TWIN-PROD-0509-RTN-0773,PROD-0509,RTN-0773,INSPECTED,0
TWIN-PROD-0951-RTN-0774,PROD-0951,RTN-0774,INSPECTED,0
TWIN-PROD-0502-RTN-0775,PROD-0502,RTN-0775,INSPECTED,0
TWIN-PROD-0318-RTN-0776,PROD-0318,RTN-0776,INSPECTED,0
TWIN-PROD-0731-RTN-0777,PROD-0731,RTN-0777,INSPECTED,0
TWIN-PROD-0817-RTN-0778,PROD-0817,RTN-0778,INSPECTED,0
TWIN-PROD-0136-RTN-0779,PROD-0136,RTN-0779,INSPECTED,6
TWIN-PROD-0346-RTN-0780,PROD-0346,RTN-0780,INSPECTED,0
TWIN-PROD-0404-RTN-0781,PROD-0404,RTN-0781,INSPECTED,0
TWIN-PROD-0010-RTN-0782,PROD-0010,RTN-0782,INSPECTED,0
TWIN-PROD-0482-RTN-0783,PROD-0482,RTN-0783,INSPECTED,6
TWIN-PROD-0284-RTN-0784,PROD-0284,RTN-0784,INSPECTED,10
TWIN-PROD-0542-RTN-0785,PROD-0542,RTN-0785,INSPECTED,0
TWIN-PROD-0665-RTN-0786,PROD-0665,RTN-0786,INSPECTED,6
TWIN-PROD-0532-RTN-0787,PROD-0532,RTN-0787,INSPECTED,0
TWIN-PROD-0661-RTN-0788,PROD-0661,RTN-0788,INSPECTED,7
TWIN-PROD-0409-RTN-0789,PROD-0409,RTN-0789,INSPECTED,8
TWIN-PROD-0679-RTN-0790,PROD-0679,RTN-0790,INSPECTED,0
TWIN-PROD-0864-RTN-0791,PROD-0864,RTN-0791,INSPECTED,0
TWIN-PROD-0139-RTN-0792,PROD-0139,RTN-0792,INSPECTED,0
TWIN-PROD-0421-RTN-0793,PROD-0421,RTN-0793,INSPECTED,8
TWIN-PROD-0995-RTN-0794,PROD-0995,RTN-0794,INSPECTED,1
TWIN-PROD-0358-RTN-0795,PROD-0358,RTN-0795,INSPECTED,10
TWIN-PROD-0444-RTN-0796,PROD-0444,RTN-0796,INSPECTED,3
TWIN-PROD-0040-RTN-0797,PROD-0040,RTN-0797,INSPECTED,0
TWIN-PROD-0542-RTN-0798,PROD-0542,RTN-0798,INSPECTED,0
TWIN-PROD-0495-RTN-0799,PROD-0495,RTN-0799,INSPECTED,0
TWIN-PROD-0203-RTN-0800,PROD-0203,RTN-0800,INSPECTED,2
TWIN-PROD-0184-RTN-0801,PROD-0184,RTN-0801,INSPECTED,10
TWIN-PROD-0803-RTN-0802,PROD-0803,RTN-0802,INSPECTED,0
TWIN-PROD-0716-RTN-0803,PROD-0716,RTN-0803,INSPECTED,9
TWIN-PROD-0294-RTN-0804,PROD-0294,RTN-0804,INSPECTED,0
TWIN-PROD-0531-RTN-0805,PROD-0531,RTN-0805,INSPECTED,0
TWIN-PROD-0277-RTN-0806,PROD-0277,RTN-0806,INSPECTED,0
TWIN-PROD-0316-RTN-0807,PROD-0316,RTN-0807,INSPECTED,9
TWIN-PROD-0394-RTN-0808,PROD-0394,RTN-0808,INSPECTED,0
TWIN-PROD-0802-RTN-0809,PROD-0802,RTN-0809,INSPECTED,0
TWIN-PROD-0350-RTN-0810,PROD-0350,RTN-0810,INSPECTED,3
TWIN-PROD-0862-RTN-0811,PROD-0862,RTN-0811,INSPECTED,0
TWIN-PROD-0181-RTN-0812,PROD-0181,RTN-0812,INSPECTED,0
TWIN-PROD-0967-RTN-0813,PROD-0967,RTN-0813,INSPECTED,8
TWIN-PROD-0132-RTN-0814,PROD-0132,RTN-0814,INSPECTED,1
TWIN-PROD-0671-RTN-0815,PROD-0671,RTN-0815,INSPECTED,0
TWIN-PROD-0160-RTN-0816,PROD-0160,RTN-0816,INSPECTED,0
TWIN-PROD-0326-RTN-0817,PROD-0326,RTN-0817,INSPECTED,0
TWIN-PROD-0445-RTN-0818,PROD-0445,RTN-0818,INSPECTED,1
TWIN-PROD-0140-RTN-0819,PROD-0140,RTN-0819,INSPECTED,0
TWIN-PROD-0205-RTN-0820,PROD-0205,RTN-0820,INSPECTED,0
TWIN-PROD-0175-RTN-0821,PROD-0175,RTN-0821,INSPECTED,0
TWIN-PROD-0092-RTN-0822,PROD-0092,RTN-0822,INSPECTED,0
TWIN-PROD-0958-RTN-0823,PROD-0958,RTN-0823,INSPECTED,0
TWIN-PROD-0184-RTN-0824,PROD-0184,RTN-0824,INSPECTED,0
TWIN-PROD-0028-RTN-0825,PROD-0028,RTN-0825,INSPECTED,0
TWIN-PROD-0342-RTN-0826,PROD-0342,RTN-0826,INSPECTED,0
TWIN-PROD-0234-RTN-0827,PROD-0234,RTN-0827,INSPECTED,0
TWIN-PROD-0445-RTN-0828,PROD-0445,RTN-0828,INSPECTED,3
TWIN-PROD-0330-RTN-0829,PROD-0330,RTN-0829,INSPECTED,0
TWIN-PROD-0732-RTN-0830,PROD-0732,RTN-0830,INSPECTED,0
TWIN-PROD-0810-RTN-0831,PROD-0810,RTN-0831,INSPECTED,2
TWIN-PROD-0039-RTN-0832,PROD-0039,RTN-0832,INSPECTED,0
TWIN-PROD-0654-RTN-0833,PROD-0654,RTN-0833,INSPECTED,0
TWIN-PROD-0913-RTN-0834,PROD-0913,RTN-0834,INSPECTED,0
TWIN-PROD-0774-RTN-0835,PROD-0774,RTN-0835,INSPECTED,0
TWIN-PROD-0691-RTN-0836,PROD-0691,RTN-0836,INSPECTED,0
TWIN-PROD-0398-RTN-0837,PROD-0398,RTN-0837,INSPECTED,0
TWIN-PROD-0552-RTN-0838,PROD-0552,RTN-0838,INSPECTED,3
TWIN-PROD-0519-RTN-0839,PROD-0519,RTN-0839,INSPECTED,0
TWIN-PROD-0528-RTN-0840,PROD-0528,RTN-0840,INSPECTED,0
TWIN-PROD-0238-RTN-0841,PROD-0238,RTN-0841,INSPECTED,0
TWIN-PROD-0764-RTN-0842,PROD-0764,RTN-0842,INSPECTED,9
TWIN-PROD-0547-RTN-0843,PROD-0547,RTN-0843,INSPECTED,0
TWIN-PROD-0688-RTN-0844,PROD-0688,RTN-0844,INSPECTED,6
TWIN-PROD-0243-RTN-0845,PROD-0243,RTN-0845,INSPECTED,0
TWIN-PROD-0612-RTN-0846,PROD-0612,RTN-0846,INSPECTED,0
TWIN-PROD-0895-RTN-0847,PROD-0895,RTN-0847,INSPECTED,2
TWIN-PROD-0267-RTN-0848,PROD-0267,RTN-0848,INSPECTED,0
TWIN-PROD-0516-RTN-0849,PROD-0516,RTN-0849,INSPECTED,4
TWIN-PROD-0765-RTN-0850,PROD-0765,RTN-0850,INSPECTED,0
TWIN-PROD-0090-RTN-0851,PROD-0090,RTN-0851,INSPECTED,0
TWIN-PROD-0525-RTN-0852,PROD-0525,RTN-0852,INSPECTED,0
TWIN-PROD-0484-RTN-0853,PROD-0484,RTN-0853,INSPECTED,0
TWIN-PROD-0276-RTN-0854,PROD-0276,RTN-0854,INSPECTED,0
TWIN-PROD-0856-RTN-0855,PROD-0856,RTN-0855,INSPECTED,4
TWIN-PROD-0992-RTN-0856,PROD-0992,RTN-0856,INSPECTED,0
TWIN-PROD-0787-RTN-0857,PROD-0787,RTN-0857,INSPECTED,9
TWIN-PROD-0704-RTN-0858,PROD-0704,RTN-0858,INSPECTED,0
TWIN-PROD-0401-RTN-0859,PROD-0401,RTN-0859,INSPECTED,5
TWIN-PROD-0613-RTN-0860,PROD-0613,RTN-0860,INSPECTED,0
TWIN-PROD-0835-RTN-0861,PROD-0835,RTN-0861,INSPECTED,5
TWIN-PROD-0954-RTN-0862,PROD-0954,RTN-0862,INSPECTED,0
TWIN-PROD-0918-RTN-0863,PROD-0918,RTN-0863,INSPECTED,0
TWIN-PROD-0578-RTN-0864,PROD-0578,RTN-0864,INSPECTED,0
TWIN-PROD-0405-RTN-0865,PROD-0405,RTN-0865,INSPECTED,0
TWIN-PROD-0008-RTN-0866,PROD-0008,RTN-0866,INSPECTED,0
TWIN-PROD-0632-RTN-0867,PROD-0632,RTN-0867,INSPECTED,1
TWIN-PROD-0456-RTN-0868,PROD-0456,RTN-0868,INSPECTED,0
TWIN-PROD-0371-RTN-0869,PROD-0371,RTN-0869,INSPECTED,1
TWIN-PROD-0714-RTN-0870,PROD-0714,RTN-0870,INSPECTED,0
TWIN-PROD-0420-RTN-0871,PROD-0420,RTN-0871,INSPECTED,0
TWIN-PROD-0781-RTN-0872,PROD-0781,RTN-0872,INSPECTED,0
TWIN-PROD-0009-RTN-0873,PROD-0009,RTN-0873,INSPECTED,0
TWIN-PROD-0782-RTN-0874,PROD-0782,RTN-0874,INSPECTED,1
TWIN-PROD-0356-RTN-0875,PROD-0356,RTN-0875,INSPECTED,0
TWIN-PROD-0141-RTN-0876,PROD-0141,RTN-0876,INSPECTED,10
TWIN-PROD-0274-RTN-0877,PROD-0274,RTN-0877,INSPECTED,0
TWIN-PROD-0946-RTN-0878,PROD-0946,RTN-0878,INSPECTED,0
TWIN-PROD-0585-RTN-0879,PROD-0585,RTN-0879,INSPECTED,0
TWIN-PROD-0331-RTN-0880,PROD-0331,RTN-0880,INSPECTED,0
TWIN-PROD-0069-RTN-0881,PROD-0069,RTN-0881,INSPECTED,0
TWIN-PROD-0123-RTN-0882,PROD-0123,RTN-0882,INSPECTED,0
TWIN-PROD-0709-RTN-0883,PROD-0709,RTN-0883,INSPECTED,4
TWIN-PROD-0655-RTN-0884,PROD-0655,RTN-0884,INSPECTED,3
TWIN-PROD-0356-RTN-0885,PROD-0356,RTN-0885,INSPECTED,0
TWIN-PROD-0670-RTN-0886,PROD-0670,RTN-0886,INSPECTED,0
TWIN-PROD-0581-RTN-0887,PROD-0581,RTN-0887,INSPECTED,0
TWIN-PROD-0762-RTN-0888,PROD-0762,RTN-0888,INSPECTED,4
TWIN-PROD-0568-RTN-0889,PROD-0568,RTN-0889,INSPECTED,0
TWIN-PROD-0692-RTN-0890,PROD-0692,RTN-0890,INSPECTED,1
TWIN-PROD-0999-RTN-0891,PROD-0999,RTN-0891,INSPECTED,0
TWIN-PROD-0366-RTN-0892,PROD-0366,RTN-0892,INSPECTED,0
TWIN-PROD-0397-RTN-0893,PROD-0397,RTN-0893,INSPECTED,0
TWIN-PROD-0085-RTN-0894,PROD-0085,RTN-0894,INSPECTED,0
TWIN-PROD-0833-RTN-0895,PROD-0833,RTN-0895,INSPECTED,0
TWIN-PROD-0754-RTN-0896,PROD-0754,RTN-0896,INSPECTED,0
TWIN-PROD-0102-RTN-0897,PROD-0102,RTN-0897,INSPECTED,0
TWIN-PROD-0342-RTN-0898,PROD-0342,RTN-0898,INSPECTED,0
TWIN-PROD-0057-RTN-0899,PROD-0057,RTN-0899,INSPECTED,4
TWIN-PROD-0015-RTN-0900,PROD-0015,RTN-0900,INSPECTED,0
TWIN-PROD-0233-RTN-0901,PROD-0233,RTN-0901,INSPECTED,0
TWIN-PROD-0985-RTN-0902,PROD-0985,RTN-0902,INSPECTED,0
TWIN-PROD-0093-RTN-0903,PROD-0093,RTN-0903,INSPECTED,0
TWIN-PROD-0919-RTN-0904,PROD-0919,RTN-0904,INSPECTED,4
TWIN-PROD-0446-RTN-0905,PROD-0446,RTN-0905,INSPECTED,0
TWIN-PROD-0778-RTN-0906,PROD-0778,RTN-0906,INSPECTED,0
TWIN-PROD-0405-RTN-0907,PROD-0405,RTN-0907,INSPECTED,0
TWIN-PROD-0697-RTN-0908,PROD-0697,RTN-0908,INSPECTED,0
TWIN-PROD-0911-RTN-0909,PROD-0911,RTN-0909,INSPECTED,3
TWIN-PROD-0032-RTN-0910,PROD-0032,RTN-0910,INSPECTED,0
TWIN-PROD-0305-RTN-0911,PROD-0305,RTN-0911,INSPECTED,0
TWIN-PROD-0456-RTN-0912,PROD-0456,RTN-0912,INSPECTED,0
TWIN-PROD-0564-RTN-0913,PROD-0564,RTN-0913,INSPECTED,9
TWIN-PROD-0849-RTN-0914,PROD-0849,RTN-0914,INSPECTED,1
TWIN-PROD-0667-RTN-0915,PROD-0667,RTN-0915,INSPECTED,9
TWIN-PROD-0615-RTN-0916,PROD-0615,RTN-0916,INSPECTED,0
TWIN-PROD-0460-RTN-0917,PROD-0460,RTN-0917,INSPECTED,0
TWIN-PROD-0140-RTN-0918,PROD-0140,RTN-0918,INSPECTED,0
TWIN-PROD-0514-RTN-0919,PROD-0514,RTN-0919,INSPECTED,2
TWIN-PROD-0556-RTN-0920,PROD-0556,RTN-0920,INSPECTED,0
TWIN-PROD-0592-RTN-0921,PROD-0592,RTN-0921,INSPECTED,9
TWIN-PROD-0144-RTN-0922,PROD-0144,RTN-0922,INSPECTED,0
TWIN-PROD-0936-RTN-0923,PROD-0936,RTN-0923,INSPECTED,0
TWIN-PROD-0349-RTN-0924,PROD-0349,RTN-0924,INSPECTED,0
TWIN-PROD-0147-RTN-0925,PROD-0147,RTN-0925,INSPECTED,0
TWIN-PROD-0747-RTN-0926,PROD-0747,RTN-0926,INSPECTED,10
TWIN-PROD-0878-RTN-0927,PROD-0878,RTN-0927,INSPECTED,3
TWIN-PROD-0837-RTN-0928,PROD-0837,RTN-0928,INSPECTED,0
TWIN-PROD-0489-RTN-0929,PROD-0489,RTN-0929,INSPECTED,9
TWIN-PROD-0718-RTN-0930,PROD-0718,RTN-0930,INSPECTED,0
TWIN-PROD-0323-RTN-0931,PROD-0323,RTN-0931,INSPECTED,0
TWIN-PROD-0058-RTN-0932,PROD-0058,RTN-0932,INSPECTED,0
TWIN-PROD-0791-RTN-0933,PROD-0791,RTN-0933,INSPECTED,10
TWIN-PROD-0990-RTN-0934,PROD-0990,RTN-0934,INSPECTED,7
TWIN-PROD-0080-RTN-0935,PROD-0080,RTN-0935,INSPECTED,1
TWIN-PROD-0565-RTN-0936,PROD-0565,RTN-0936,INSPECTED,0
TWIN-PROD-0063-RTN-0937,PROD-0063,RTN-0937,INSPECTED,0
TWIN-PROD-0396-RTN-0938,PROD-0396,RTN-0938,INSPECTED,0
TWIN-PROD-0498-RTN-0939,PROD-0498,RTN-0939,INSPECTED,1
TWIN-PROD-0522-RTN-0940,PROD-0522,RTN-0940,INSPECTED,0
TWIN-PROD-0476-RTN-0941,PROD-0476,RTN-0941,INSPECTED,0
TWIN-PROD-0808-RTN-0942,PROD-0808,RTN-0942,INSPECTED,0
TWIN-PROD-0466-RTN-0943,PROD-0466,RTN-0943,INSPECTED,10
TWIN-PROD-0750-RTN-0944,PROD-0750,RTN-0944,INSPECTED,0
TWIN-PROD-0505-RTN-0945,PROD-0505,RTN-0945,INSPECTED,0
TWIN-PROD-0863-RTN-0946,PROD-0863,RTN-0946,INSPECTED,7
TWIN-PROD-0950-RTN-0947,PROD-0950,RTN-0947,INSPECTED,0
TWIN-PROD-0173-RTN-0948,PROD-0173,RTN-0948,INSPECTED,0
TWIN-PROD-0904-RTN-0949,PROD-0904,RTN-0949,INSPECTED,1
TWIN-PROD-0466-RTN-0950,PROD-0466,RTN-0950,INSPECTED,7
TWIN-PROD-0938-RTN-0951,PROD-0938,RTN-0951,INSPECTED,0
TWIN-PROD-0344-RTN-0952,PROD-0344,RTN-0952,INSPECTED,5
TWIN-PROD-0008-RTN-0953,PROD-0008,RTN-0953,INSPECTED,0
TWIN-PROD-0008-RTN-0954,PROD-0008,RTN-0954,INSPECTED,0
TWIN-PROD-0245-RTN-0955,PROD-0245,RTN-0955,INSPECTED,0
TWIN-PROD-0613-RTN-0956,PROD-0613,RTN-0956,INSPECTED,0
TWIN-PROD-0293-RTN-0957,PROD-0293,RTN-0957,INSPECTED,0
TWIN-PROD-0113-RTN-0958,PROD-0113,RTN-0958,INSPECTED,0
TWIN-PROD-0145-RTN-0959,PROD-0145,RTN-0959,INSPECTED,0
TWIN-PROD-0550-RTN-0960,PROD-0550,RTN-0960,INSPECTED,8
TWIN-PROD-0811-RTN-0961,PROD-0811,RTN-0961,INSPECTED,0
TWIN-PROD-0057-RTN-0962,PROD-0057,RTN-0962,INSPECTED,8
TWIN-PROD-0599-RTN-0963,PROD-0599,RTN-0963,INSPECTED,0
TWIN-PROD-0980-RTN-0964,PROD-0980,RTN-0964,INSPECTED,0
TWIN-PROD-0313-RTN-0965,PROD-0313,RTN-0965,INSPECTED,5
TWIN-PROD-0356-RTN-0966,PROD-0356,RTN-0966,INSPECTED,0
TWIN-PROD-0053-RTN-0967,PROD-0053,RTN-0967,INSPECTED,0
TWIN-PROD-0649-RTN-0968,PROD-0649,RTN-0968,INSPECTED,0
TWIN-PROD-0064-RTN-0969,PROD-0064,RTN-0969,INSPECTED,0
TWIN-PROD-0165-RTN-0970,PROD-0165,RTN-0970,INSPECTED,0
TWIN-PROD-0475-RTN-0971,PROD-0475,RTN-0971,INSPECTED,0
TWIN-PROD-0819-RTN-0972,PROD-0819,RTN-0972,INSPECTED,0
TWIN-PROD-0664-RTN-0973,PROD-0664,RTN-0973,INSPECTED,0
TWIN-PROD-0202-RTN-0974,PROD-0202,RTN-0974,INSPECTED,0
TWIN-PROD-0186-RTN-0975,PROD-0186,RTN-0975,INSPECTED,4
TWIN-PROD-0128-RTN-0976,PROD-0128,RTN-0976,INSPECTED,0
TWIN-PROD-0117-RTN-0977,PROD-0117,RTN-0977,INSPECTED,1
TWIN-PROD-0510-RTN-0978,PROD-0510,RTN-0978,INSPECTED,0
TWIN-PROD-0887-RTN-0979,PROD-0887,RTN-0979,INSPECTED,0
TWIN-PROD-0036-RTN-0980,PROD-0036,RTN-0980,INSPECTED,0
TWIN-PROD-0548-RTN-0981,PROD-0548,RTN-0981,INSPECTED,0
TWIN-PROD-0246-RTN-0982,PROD-0246,RTN-0982,INSPECTED,0
TWIN-PROD-0178-RTN-0983,PROD-0178,RTN-0983,INSPECTED,0
TWIN-PROD-0906-RTN-0984,PROD-0906,RTN-0984,INSPECTED,0
TWIN-PROD-0484-RTN-0985,PROD-0484,RTN-0985,INSPECTED,2
TWIN-PROD-0822-RTN-0986,PROD-0822,RTN-0986,INSPECTED,9
TWIN-PROD-0941-RTN-0987,PROD-0941,RTN-0987,INSPECTED,0
TWIN-PROD-0866-RTN-0988,PROD-0866,RTN-0988,INSPECTED,3
TWIN-PROD-0298-RTN-0989,PROD-0298,RTN-0989,INSPECTED,0
TWIN-PROD-0633-RTN-0990,PROD-0633,RTN-0990,INSPECTED,1
TWIN-PROD-0632-RTN-0991,PROD-0632,RTN-0991,INSPECTED,9
TWIN-PROD-0669-RTN-0992,PROD-0669,RTN-0992,INSPECTED,0
TWIN-PROD-0416-RTN-0993,PROD-0416,RTN-0993,INSPECTED,0
TWIN-PROD-0659-RTN-0994,PROD-0659,RTN-0994,INSPECTED,5
TWIN-PROD-0773-RTN-0995,PROD-0773,RTN-0995,INSPECTED,2
TWIN-PROD-0062-RTN-0996,PROD-0062,RTN-0996,INSPECTED,0
TWIN-PROD-0305-RTN-0997,PROD-0305,RTN-0997,INSPECTED,0
TWIN-PROD-0482-RTN-0998,PROD-0482,RTN-0998,INSPECTED,0
TWIN-PROD-0932-RTN-0999,PROD-0932,RTN-0999,INSPECTED,2
TWIN-PROD-0521-RTN-1000,PROD-0521,RTN-1000,INSPECTED,0
TWIN-PROD-0010-RTN-1001,PROD-0010,RTN-1001,INSPECTED,0
TWIN-PROD-0266-RTN-1002,PROD-0266,RTN-1002,INSPECTED,1
TWIN-PROD-0493-RTN-1003,PROD-0493,RTN-1003,INSPECTED,0
TWIN-PROD-0848-RTN-1004,PROD-0848,RTN-1004,INSPECTED,0
TWIN-PROD-0530-RTN-1005,PROD-0530,RTN-1005,INSPECTED,0
TWIN-PROD-0507-RTN-1006,PROD-0507,RTN-1006,INSPECTED,0
TWIN-PROD-0211-RTN-1007,PROD-0211,RTN-1007,INSPECTED,0
TWIN-PROD-0650-RTN-1008,PROD-0650,RTN-1008,INSPECTED,0
TWIN-PROD-0801-RTN-1009,PROD-0801,RTN-1009,INSPECTED,3
TWIN-PROD-0319-RTN-1010,PROD-0319,RTN-1010,INSPECTED,0
TWIN-PROD-0308-RTN-1011,PROD-0308,RTN-1011,INSPECTED,0
TWIN-PROD-0724-RTN-1012,PROD-0724,RTN-1012,INSPECTED,1
TWIN-PROD-0042-RTN-1013,PROD-0042,RTN-1013,INSPECTED,0
TWIN-PROD-0624-RTN-1014,PROD-0624,RTN-1014,INSPECTED,0
TWIN-PROD-0218-RTN-1015,PROD-0218,RTN-1015,INSPECTED,0
TWIN-PROD-0777-RTN-1016,PROD-0777,RTN-1016,INSPECTED,0
TWIN-PROD-0563-RTN-1017,PROD-0563,RTN-1017,INSPECTED,0
TWIN-PROD-0098-RTN-1018,PROD-0098,RTN-1018,INSPECTED,8
TWIN-PROD-0707-RTN-1019,PROD-0707,RTN-1019,INSPECTED,0
TWIN-PROD-0875-RTN-1020,PROD-0875,RTN-1020,INSPECTED,1
TWIN-PROD-0969-RTN-1021,PROD-0969,RTN-1021,INSPECTED,1
TWIN-PROD-0237-RTN-1022,PROD-0237,RTN-1022,INSPECTED,0
TWIN-PROD-0790-RTN-1023,PROD-0790,RTN-1023,INSPECTED,1
TWIN-PROD-0264-RTN-1024,PROD-0264,RTN-1024,INSPECTED,9
TWIN-PROD-0647-RTN-1025,PROD-0647,RTN-1025,INSPECTED,0
TWIN-PROD-0738-RTN-1026,PROD-0738,RTN-1026,INSPECTED,1
TWIN-PROD-0541-RTN-1027,PROD-0541,RTN-1027,INSPECTED,0
TWIN-PROD-0661-RTN-1028,PROD-0661,RTN-1028,INSPECTED,0
TWIN-PROD-0083-RTN-1029,PROD-0083,RTN-1029,INSPECTED,0
TWIN-PROD-0702-RTN-1030,PROD-0702,RTN-1030,INSPECTED,3
TWIN-PROD-0932-RTN-1031,PROD-0932,RTN-1031,INSPECTED,0
TWIN-PROD-0922-RTN-1032,PROD-0922,RTN-1032,INSPECTED,0
TWIN-PROD-0643-RTN-1033,PROD-0643,RTN-1033,INSPECTED,9
TWIN-PROD-0925-RTN-1034,PROD-0925,RTN-1034,INSPECTED,0
TWIN-PROD-0159-RTN-1035,PROD-0159,RTN-1035,INSPECTED,2
TWIN-PROD-0540-RTN-1036,PROD-0540,RTN-1036,INSPECTED,0
TWIN-PROD-0486-RTN-1037,PROD-0486,RTN-1037,INSPECTED,10
TWIN-PROD-0665-RTN-1038,PROD-0665,RTN-1038,INSPECTED,7
TWIN-PROD-0976-RTN-1039,PROD-0976,RTN-1039,INSPECTED,0
TWIN-PROD-0470-RTN-1040,PROD-0470,RTN-1040,INSPECTED,0
TWIN-PROD-0507-RTN-1041,PROD-0507,RTN-1041,INSPECTED,0
TWIN-PROD-0532-RTN-1042,PROD-0532,RTN-1042,INSPECTED,6
TWIN-PROD-0115-RTN-1043,PROD-0115,RTN-1043,INSPECTED,0
TWIN-PROD-0357-RTN-1044,PROD-0357,RTN-1044,INSPECTED,0
TWIN-PROD-0731-RTN-1045,PROD-0731,RTN-1045,INSPECTED,0
TWIN-PROD-0203-RTN-1046,PROD-0203,RTN-1046,INSPECTED,1
TWIN-PROD-0517-RTN-1047,PROD-0517,RTN-1047,INSPECTED,0
TWIN-PROD-0146-RTN-1048,PROD-0146,RTN-1048,INSPECTED,0
TWIN-PROD-0150-RTN-1049,PROD-0150,RTN-1049,INSPECTED,0
TWIN-PROD-0112-RTN-1050,PROD-0112,RTN-1050,INSPECTED,0
TWIN-PROD-0742-RTN-1051,PROD-0742,RTN-1051,INSPECTED,0
TWIN-PROD-0918-RTN-1052,PROD-0918,RTN-1052,INSPECTED,0
TWIN-PROD-0504-RTN-1053,PROD-0504,RTN-1053,INSPECTED,9
TWIN-PROD-0136-RTN-1054,PROD-0136,RTN-1054,INSPECTED,1
TWIN-PROD-0199-RTN-1055,PROD-0199,RTN-1055,INSPECTED,0
TWIN-PROD-0880-RTN-1056,PROD-0880,RTN-1056,INSPECTED,0
TWIN-PROD-0515-RTN-1057,PROD-0515,RTN-1057,INSPECTED,0
TWIN-PROD-0585-RTN-1058,PROD-0585,RTN-1058,INSPECTED,0
TWIN-PROD-0304-RTN-1059,PROD-0304,RTN-1059,INSPECTED,4
TWIN-PROD-0097-RTN-1060,PROD-0097,RTN-1060,INSPECTED,1
TWIN-PROD-0689-RTN-1061,PROD-0689,RTN-1061,INSPECTED,0
TWIN-PROD-0820-RTN-1062,PROD-0820,RTN-1062,INSPECTED,0
TWIN-PROD-0082-RTN-1063,PROD-0082,RTN-1063,INSPECTED,0
TWIN-PROD-0673-RTN-1064,PROD-0673,RTN-1064,INSPECTED,0
TWIN-PROD-0733-RTN-1065,PROD-0733,RTN-1065,INSPECTED,0
TWIN-PROD-0490-RTN-1066,PROD-0490,RTN-1066,INSPECTED,0
TWIN-PROD-0966-RTN-1067,PROD-0966,RTN-1067,INSPECTED,0
TWIN-PROD-0860-RTN-1068,PROD-0860,RTN-1068,INSPECTED,8
TWIN-PROD-0863-RTN-1069,PROD-0863,RTN-1069,INSPECTED,5
TWIN-PROD-0863-RTN-1070,PROD-0863,RTN-1070,INSPECTED,0
TWIN-PROD-0503-RTN-1071,PROD-0503,RTN-1071,INSPECTED,0
TWIN-PROD-0209-RTN-1072,PROD-0209,RTN-1072,INSPECTED,1
TWIN-PROD-0644-RTN-1073,PROD-0644,RTN-1073,INSPECTED,0
TWIN-PROD-0642-RTN-1074,PROD-0642,RTN-1074,INSPECTED,0
TWIN-PROD-0494-RTN-1075,PROD-0494,RTN-1075,INSPECTED,0
TWIN-PROD-0428-RTN-1076,PROD-0428,RTN-1076,INSPECTED,10
TWIN-PROD-0180-RTN-1077,PROD-0180,RTN-1077,INSPECTED,0
TWIN-PROD-0999-RTN-1078,PROD-0999,RTN-1078,INSPECTED,0
TWIN-PROD-0349-RTN-1079,PROD-0349,RTN-1079,INSPECTED,0
TWIN-PROD-0113-RTN-1080,PROD-0113,RTN-1080,INSPECTED,0
TWIN-PROD-0605-RTN-1081,PROD-0605,RTN-1081,INSPECTED,0
TWIN-PROD-0052-RTN-1082,PROD-0052,RTN-1082,INSPECTED,0
TWIN-PROD-0999-RTN-1083,PROD-0999,RTN-1083,INSPECTED,0
TWIN-PROD-0725-RTN-1084,PROD-0725,RTN-1084,INSPECTED,0
TWIN-PROD-0721-RTN-1085,PROD-0721,RTN-1085,INSPECTED,0
TWIN-PROD-0583-RTN-1086,PROD-0583,RTN-1086,INSPECTED,0
TWIN-PROD-0516-RTN-1087,PROD-0516,RTN-1087,INSPECTED,1
TWIN-PROD-0005-RTN-1088,PROD-0005,RTN-1088,INSPECTED,10
TWIN-PROD-0188-RTN-1089,PROD-0188,RTN-1089,INSPECTED,0
TWIN-PROD-0978-RTN-1090,PROD-0978,RTN-1090,INSPECTED,0
TWIN-PROD-0255-RTN-1091,PROD-0255,RTN-1091,INSPECTED,0
TWIN-PROD-0479-RTN-1092,PROD-0479,RTN-1092,INSPECTED,0
TWIN-PROD-0862-RTN-1093,PROD-0862,RTN-1093,INSPECTED,0
TWIN-PROD-0191-RTN-1094,PROD-0191,RTN-1094,INSPECTED,0
TWIN-PROD-0438-RTN-1095,PROD-0438,RTN-1095,INSPECTED,5
TWIN-PROD-0363-RTN-1096,PROD-0363,RTN-1096,INSPECTED,0
TWIN-PROD-0241-RTN-1097,PROD-0241,RTN-1097,INSPECTED,9
TWIN-PROD-0102-RTN-1098,PROD-0102,RTN-1098,INSPECTED,0
TWIN-PROD-0787-RTN-1099,PROD-0787,RTN-1099,INSPECTED,7
TWIN-PROD-0509-RTN-1100,PROD-0509,RTN-1100,INSPECTED,0
TWIN-PROD-0504-RTN-1101,PROD-0504,RTN-1101,INSPECTED,0
TWIN-PROD-0969-RTN-1102,PROD-0969,RTN-1102,INSPECTED,0
TWIN-PROD-0383-RTN-1103,PROD-0383,RTN-1103,INSPECTED,0
TWIN-PROD-0033-RTN-1104,PROD-0033,RTN-1104,INSPECTED,0
TWIN-PROD-0141-RTN-1105,PROD-0141,RTN-1105,INSPECTED,0
TWIN-PROD-0800-RTN-1106,PROD-0800,RTN-1106,INSPECTED,0
TWIN-PROD-0566-RTN-1107,PROD-0566,RTN-1107,INSPECTED,0
TWIN-PROD-0844-RTN-1108,PROD-0844,RTN-1108,INSPECTED,0
TWIN-PROD-0953-RTN-1109,PROD-0953,RTN-1109,INSPECTED,0
TWIN-PROD-0573-RTN-1110,PROD-0573,RTN-1110,INSPECTED,0
TWIN-PROD-0348-RTN-1111,PROD-0348,RTN-1111,INSPECTED,6
TWIN-PROD-0017-RTN-1112,PROD-0017,RTN-1112,INSPECTED,0
TWIN-PROD-0574-RTN-1113,PROD-0574,RTN-1113,INSPECTED,0
TWIN-PROD-0711-RTN-1114,PROD-0711,RTN-1114,INSPECTED,0
TWIN-PROD-0234-RTN-1115,PROD-0234,RTN-1115,INSPECTED,0
TWIN-PROD-0367-RTN-1116,PROD-0367,RTN-1116,INSPECTED,0
TWIN-PROD-0863-RTN-1117,PROD-0863,RTN-1117,INSPECTED,3
TWIN-PROD-0228-RTN-1118,PROD-0228,RTN-1118,INSPECTED,2
TWIN-PROD-0516-RTN-1119,PROD-0516,RTN-1119,INSPECTED,1
TWIN-PROD-0065-RTN-1120,PROD-0065,RTN-1120,INSPECTED,0
TWIN-PROD-0048-RTN-1121,PROD-0048,RTN-1121,INSPECTED,10
TWIN-PROD-0921-RTN-1122,PROD-0921,RTN-1122,INSPECTED,0
TWIN-PROD-0296-RTN-1123,PROD-0296,RTN-1123,INSPECTED,6
TWIN-PROD-0089-RTN-1124,PROD-0089,RTN-1124,INSPECTED,0
TWIN-PROD-0719-RTN-1125,PROD-0719,RTN-1125,INSPECTED,0
TWIN-PROD-0398-RTN-1126,PROD-0398,RTN-1126,INSPECTED,0
TWIN-PROD-0987-RTN-1127,PROD-0987,RTN-1127,INSPECTED,0
TWIN-PROD-0532-RTN-1128,PROD-0532,RTN-1128,INSPECTED,10
TWIN-PROD-0195-RTN-1129,PROD-0195,RTN-1129,INSPECTED,9
TWIN-PROD-0436-RTN-1130,PROD-0436,RTN-1130,INSPECTED,0
TWIN-PROD-0403-RTN-1131,PROD-0403,RTN-1131,INSPECTED,0
TWIN-PROD-0447-RTN-1132,PROD-0447,RTN-1132,INSPECTED,0
TWIN-PROD-0820-RTN-1133,PROD-0820,RTN-1133,INSPECTED,9
TWIN-PROD-0788-RTN-1134,PROD-0788,RTN-1134,INSPECTED,8
TWIN-PROD-0889-RTN-1135,PROD-0889,RTN-1135,INSPECTED,8
TWIN-PROD-0591-RTN-1136,PROD-0591,RTN-1136,INSPECTED,0
TWIN-PROD-0588-RTN-1137,PROD-0588,RTN-1137,INSPECTED,0
TWIN-PROD-0984-RTN-1138,PROD-0984,RTN-1138,INSPECTED,7
TWIN-PROD-0490-RTN-1139,PROD-0490,RTN-1139,INSPECTED,7
TWIN-PROD-0325-RTN-1140,PROD-0325,RTN-1140,INSPECTED,2
TWIN-PROD-0695-RTN-1141,PROD-0695,RTN-1141,INSPECTED,0
TWIN-PROD-0523-RTN-1142,PROD-0523,RTN-1142,INSPECTED,0
TWIN-PROD-0207-RTN-1143,PROD-0207,RTN-1143,INSPECTED,0
TWIN-PROD-0245-RTN-1144,PROD-0245,RTN-1144,INSPECTED,0
TWIN-PROD-0514-RTN-1145,PROD-0514,RTN-1145,INSPECTED,1
TWIN-PROD-0702-RTN-1146,PROD-0702,RTN-1146,INSPECTED,10
TWIN-PROD-0284-RTN-1147,PROD-0284,RTN-1147,INSPECTED,0
TWIN-PROD-0232-RTN-1148,PROD-0232,RTN-1148,INSPECTED,2
TWIN-PROD-0404-RTN-1149,PROD-0404,RTN-1149,INSPECTED,0
TWIN-PROD-0271-RTN-1150,PROD-0271,RTN-1150,INSPECTED,0
TWIN-PROD-0716-RTN-1151,PROD-0716,RTN-1151,INSPECTED,2
TWIN-PROD-0753-RTN-1152,PROD-0753,RTN-1152,INSPECTED,0
TWIN-PROD-0913-RTN-1153,PROD-0913,RTN-1153,INSPECTED,7
TWIN-PROD-0179-RTN-1154,PROD-0179,RTN-1154,INSPECTED,0
TWIN-PROD-0055-RTN-1155,PROD-0055,RTN-1155,INSPECTED,0
TWIN-PROD-0643-RTN-1156,PROD-0643,RTN-1156,INSPECTED,9
TWIN-PROD-0369-RTN-1157,PROD-0369,RTN-1157,INSPECTED,4
TWIN-PROD-0445-RTN-1158,PROD-0445,RTN-1158,INSPECTED,8
TWIN-PROD-0171-RTN-1159,PROD-0171,RTN-1159,INSPECTED,0
TWIN-PROD-0503-RTN-1160,PROD-0503,RTN-1160,INSPECTED,0
